7.418657134386668073e-01,-1.692396631720374467e+00,2.069651446933347128e+00
-1.800767268201864280e+00,5.970058059116079008e-01,-1.571595234348135417e+00
1.032819799597517907e+00,6.227458184618525072e-01,9.024132234305966005e-01
-6.397247435125821280e-01,2.120541030684701678e+00,1.301248072940125677e+00
1.042754750908117867e+00,-8.687907734915439883e-01,1.083993165119791380e+00
-1.127727815039985426e+00,2.639609808911952404e-01,-1.681300124271277951e+00
9.228131811308508681e-01,-1.154313264448816323e+00,2.386838903376997667e-01
-3.726097088994955175e-01,-9.797989407288745234e-01,1.658903217087317472e+00
4.513904036742977244e-01,3.050234923156887601e-01,2.464495981620566489e+00
-2.795029975062325533e+00,5.500871363330837177e-02,-2.477255616274429251e+00
-2.485036156509362826e+00,-9.542415758544996462e-01,-2.069722606335588910e+00
-3.128508188091631226e+00,-4.238655335609658459e-01,-2.666492434457276239e+00
7.164533962207517703e-01,4.447661263586184521e-01,2.676156824798536338e+00
-1.658284964023891250e+00,-4.604493962735077828e-01,3.711134654348088313e-01
1.079090403126336639e+00,1.893154888783379342e+00,-6.610712173557176108e-02
1.143946029948465171e+00,-2.048949337488867595e-01,-8.903801801567795549e-01
1.279251228387131123e+00,1.499157115981846644e+00,3.966189740945684772e-01
1.070480182218664256e+00,-2.283866251760154675e+00,1.118619748491417099e+00
-5.615557181057957425e-01,-4.096270379549631913e-01,1.465187297393150123e+00
1.444239717276998958e+00,-1.262994146393963790e+00,-8.550089389268846762e-01
1.280973593934808363e+00,-1.260309163882061267e-01,4.611286447889550999e-03
-2.637547719699764759e+00,-1.712678903340342229e-01,-2.018126531045441929e+00
-7.361810363663856549e-02,6.757039545534618274e-02,-2.482470547923006920e-01
4.097751801170836927e-01,-1.651199507835483526e+00,-1.255067028753471980e+00
-1.821728233775161021e+00,-1.820167243941336055e-01,7.683280852168794528e-02
1.332555582467632282e+00,-1.466557527851267695e+00,-9.254227257461522527e-02
-1.577393273908167304e+00,9.912309220803732224e-01,-1.659630085794908672e+00
-1.641679170404327870e+00,5.729162030948221629e-01,4.179738368266874282e-01
-1.924866125855416499e+00,2.529587083558668126e-01,-7.009791362349582222e-02
9.590851002106131062e-01,-1.213422228315438112e+00,3.057803342284635573e+00
-9.875823607455279651e-01,-1.316470734196024894e+00,-1.783652345758689250e+00
-7.173664316400250041e-01,-7.130969764660252119e-01,1.288269470125346761e+00
-2.957510127635352148e+00,3.855487223372848216e-01,-2.038556500337885602e+00
1.212399293082039975e+00,9.854573503470093199e-01,1.489360878779688591e-01
1.018386476718733169e+00,1.061767908781930059e+00,3.218426841267851835e-02
-1.699774054469773255e+00,1.172337109077349476e-01,3.127348070706790217e-01
-2.588143224212513083e+00,-1.028475724088124155e+00,-2.477991357505201719e+00
-1.460545206230193571e+00,-1.920666345668281316e+00,4.693049182442474709e-01
1.188732240404501539e+00,1.636450913580859590e+00,-8.807617310681499223e-01
-3.210181485465812834e-03,-9.226208745868099692e-01,2.055634257573543788e+00
7.869242701217364910e-01,-1.000157204984239767e+00,1.234388185010536043e+00
5.127551556631245733e-01,-9.923685844074041640e-01,-1.111417557034183323e+00
1.251710202388028659e+00,-1.413737042768096863e+00,-4.983670465511669256e-01
-7.162476222794078584e-01,-1.282348932053143375e-01,1.312798099130917606e+00
7.036587242775709239e-01,1.411485758340704999e+00,2.096954173647192832e+00
1.753495939552902616e-01,5.109024369507312313e-01,2.282610895926824313e+00
1.820152015066971884e+00,-4.466094887102450839e-03,2.224412944988591878e-01
1.074105518818042837e+00,4.346505220458209418e-01,8.781587629309610676e-01
9.561812880101618894e-01,-1.088549331780082952e+00,1.535751061533643824e+00
1.054897850437065188e+00,-1.988581546423007662e+00,1.476087703924519712e+00
6.858862124922207038e-01,-4.932992545799548267e-01,1.467013422389475075e+00
6.842229313524907930e-01,4.472309484147786729e-01,2.453310036953289419e+00
-2.767824311205041576e-01,-5.650730244368664668e-01,-5.320326748131448680e-01
-1.000334463884660963e+00,9.533405986663294474e-02,9.603011385558098967e-01
-2.187227133358710773e+00,4.710258179270613299e-01,-1.670487959168680980e+00
-1.930162509978621044e+00,6.964916944432832935e-01,-1.217846450675287739e+00
-1.535057433852878184e+00,-5.719110544232308690e-01,4.825034320735748228e-01
9.850160064795390191e-01,-3.599034827649345569e-01,-1.517545604280722937e+00
-1.333359916562558922e+00,1.934199442778020472e+00,-8.964190158232843153e-01
-3.540982020197084079e+00,7.879020466909272269e-01,-2.488507188109752910e+00
-6.963858649427168146e-02,8.580666640801896949e-02,3.123513784382070391e-02
-7.993585157570402000e-01,-1.257160780847563775e+00,-2.803129818325680311e+00
1.134274083360379937e+00,-4.494937019326222805e-02,1.178082275964900560e+00
1.053899066625727965e+00,-6.622814138190166178e-01,4.539417570931532087e-01
1.256921014400620873e+00,-6.489105152049944314e-01,1.186364628910050012e+00
7.551523350075952656e-01,-1.404343235531318790e+00,1.396825154452956852e+00
4.440763822946883765e-01,1.004564054214325930e+00,-1.650111905709211069e+00
9.194119528679898234e-01,4.758517144281370140e-03,1.462683421041006460e+00
-1.360025960222603914e+00,-5.544296716731583752e-01,-1.758488272146847109e+00
-1.092806766315413958e+00,1.460771354563143720e-01,-8.216717750295765565e-01
-1.393847842608566978e+00,-8.033512841123494619e-01,5.961590254496160757e-01
7.455006492786451222e-01,-4.887283591326049836e-01,1.390773439284344049e+00
8.772395658234282134e-01,-1.165272062370549255e+00,-1.348757828486075283e+00
7.954839574055987406e-01,7.015998075800493616e-01,-1.903404195986210468e+00
3.731823688985353993e-01,8.431474534265077647e-01,2.083469392700393996e+00
9.761560415362936505e-01,3.007866193878832584e-01,1.384613232403522298e+00
8.423923360265235249e-01,-5.818582120571902383e-01,1.921277823784341088e+00
6.775343313908572807e-01,1.505174875225169240e+00,-8.503341636924588443e-01
1.200465688524025909e+00,6.680706185551582577e-01,-1.092600402339379828e+00
-2.651148491988113420e+00,4.152335834605115350e-01,-2.216354515207008991e+00
8.635988850200337907e-01,8.221768199528424192e-01,7.870894939853489980e-02
1.418503618883151685e+00,-3.847825711340374100e-01,-1.181366821994486171e-01
8.213114145378046516e-01,-9.422088253676520475e-01,2.903317100528612915e-01
-7.780494773356604332e-01,7.589439323133057025e-01,1.198032631771220879e+00
-2.048884504423937880e-01,3.008433977959729111e-01,1.800858426462523365e+00
1.121179407839528075e+00,2.967857713037578074e-02,3.142154618064335825e+00
1.740053966468426694e+00,1.784728362249748734e+00,2.633550138941571639e-01
6.609707085648818259e-01,-1.876448243758511714e-01,1.369667875966737114e+00
3.956208953464396272e-01,2.176479453280835585e+00,-2.115238564231606944e+00
-7.407805602345778340e-01,-8.267058841597353380e-01,-8.421490915498657248e-01
4.642106130954166687e-01,4.486407887505015624e-01,1.706439153218254789e+00
-5.821889131135975504e-01,1.582293068352190302e+00,1.486754001861074537e+00
8.466578168461079690e-01,1.608053682257791772e+00,-8.237607137299234328e-01
1.223149422474490322e+00,3.929528217368746801e-01,-7.024961002266666421e-01
-3.811381330000365164e-01,9.061790094317200284e-01,-7.454114842450121348e-01
7.348003653940300417e-01,-1.910551209097659076e+00,1.448118667251901748e+00
8.965506561331049173e-01,2.267231567988108321e+00,1.238538532339701348e+00
-2.860646224623965006e-01,-1.933292419486559277e+00,1.733975050957366371e+00
-8.091426339512830523e-01,2.048898402692243825e-01,-1.146665298989151704e+00
7.127677558770098010e-01,7.537012168031427262e-01,-1.204642472042978918e+00
2.743961215693220268e-01,-1.228897932616702215e+00,3.844781014474840664e-01
-1.703564315393252038e+00,1.158651589672026860e+00,-1.507090560261119760e+00
1.240863948950984952e+00,2.131282804304449607e-01,7.145995900937511802e-01
7.645742294719972687e-01,-1.037685277983499077e+00,1.661123354730597690e+00
8.068800176504059563e-01,1.245617373109172643e+00,1.495460507668117556e+00
-9.315811759681346116e-01,1.706881838150861253e+00,-5.191503351629658258e-01
1.739511131025798907e+00,7.200399519297249196e-01,3.614995710233719350e-01
1.056752971939972863e+00,-7.989507763355222503e-01,1.398683171527792535e-01
1.014575782573231777e+00,3.835687583390625655e-01,-1.217319743075046867e+00
1.275277593919966979e+00,1.300025553833237035e+00,-9.307294193561437279e-01
1.007172251528409390e+00,-3.416161354242624459e-01,1.205228500934369285e+00
-1.163537874237478231e+00,2.827064379162924981e-02,7.834185073058247406e-01
-1.865342950589169213e+00,7.596941884182518701e-01,1.463235486294834908e-01
2.194737524995114875e+00,-5.837151177050151629e-01,6.225512219082207643e-02
-7.477048740441650798e-01,-4.173288408390408294e-02,-9.700464907075019294e-01
9.768695218619278808e-01,-1.296400975332364869e+00,1.021335794780579009e+00
-2.338821796645744300e+00,2.988022504105364852e-01,-4.057283534399895863e-01
1.362059383807219248e+00,-1.430508538956010156e+00,-1.129177447380214749e+00
-2.996507316866627857e-01,1.065352079575494354e-01,1.768258241566498024e+00
1.028332922002820782e+00,-6.132969470536563800e-02,-1.627413904036939751e+00
-1.966713783698660567e+00,4.885611757575830660e-01,6.848885568853613215e-02
-1.755444081368098708e+00,-3.051895347798737612e-01,2.806286402936259972e-01
-1.081761404697370699e+00,-3.416857816614267129e-01,-1.063060232950459483e+00
9.613935003277784830e-03,-1.086424483265679530e+00,-1.783463950190810055e-01
-1.534390139077784099e+00,9.319663586537524358e-01,-1.279649547489849493e+00
5.374382242810193944e-02,8.712196222252346356e-01,-1.183419156291279917e-01
-9.475030797423487083e-01,-1.159389507898581195e+00,-6.651221982252222276e-01
-1.845742105357090379e+00,-1.328899883595558773e+00,-1.429629352429393485e+00
1.518952131733357636e+00,-9.490988663808012094e-01,8.267029391111080372e-02
1.327788129818489260e+00,1.754412716794884419e+00,4.013443626874158010e-01
1.349520329480736747e+00,2.305355568022097734e-01,2.110948714924099079e-02
-1.987488145494917369e+00,8.482946845636362143e-01,-7.811914542605746803e-02
-1.610099264064221103e+00,7.181956725763130600e-02,-1.790882146982307743e+00
-2.346721393850613735e-01,-1.975523677884242699e-02,1.834586886196554190e+00
-2.602553712799025032e+00,2.228937687288596037e-01,-2.827476568949890190e+00
-9.452262879804356199e-01,-3.964864821537488759e-01,9.896128931984776722e-01
-2.338348549260673259e+00,-1.535387978009804533e+00,-3.333697260325330092e-01
6.101212850585961966e-01,6.022715462469494518e-01,-1.253070651279440728e+00
-3.293184006465526004e+00,-1.275812699331549949e+00,-2.377925783579830199e+00
1.093657848271491373e+00,-6.867950223190162351e-01,1.774067917483487244e-01
2.926726073362188041e-01,-1.271933125863294600e-01,-1.318251989408309122e+00
1.380646154849559215e+00,4.042882824204868664e-01,-8.093968294980261602e-01
2.316303929627034908e-01,-2.978466910558403846e-01,4.868743001330422260e-02
-1.203392738868647172e-02,-3.516948028195959752e-01,-2.845291329109961076e+00
1.086975597959707329e+00,1.671625774629718064e+00,1.147607815268422149e+00
7.868554233018689725e-01,2.377917324508117269e-01,-9.053323869294116477e-01
-1.009754068184034681e+00,1.691743617190842597e-01,-9.364959370615165701e-01
-1.333635603908611467e+00,1.142696010578938270e-01,6.296422070268642424e-01
-1.024343521574694993e+00,-6.986337490621138402e-01,-1.130553060804512233e+00
1.490313094645481007e+00,1.539500966755207312e-01,-4.978124128394946224e-01
1.149216547484724904e+00,-8.436274328797429556e-01,1.049384272045855715e+00
4.975191356778263518e-01,1.742563012481739004e-01,1.900335476879320362e+00
-1.015897795349121058e-01,-7.406532642578338432e-01,1.780771673586849513e+00
9.223552588130096153e-01,1.941795111676363206e+00,-8.670216142517566116e-01
-2.199752408761733946e+00,1.135397908878241546e+00,-2.116432616194954264e-01
-8.130502183462158250e-01,-1.169827663591605615e+00,-1.366997592569216602e+00
1.069385674393403374e+00,4.778500252570532791e-01,1.102252378895727691e+00
-1.674812865801506678e+00,1.635295791324718473e-01,-1.050484932680000760e+00
-2.096204665384031163e+00,3.982948669163319244e-02,-2.326006515732310653e-01
8.555046387174849443e-01,1.127060920838294900e+00,7.679916755074632784e-01
1.225401108285330443e+00,9.355196723645964330e-01,-1.786318281327026414e+00
7.536005581906610740e-01,2.165476947292665488e-01,1.910295542988089235e+00
1.169350927400522711e+00,-2.678635256684849253e-01,1.797499427160218488e-01
9.717839902387518380e-01,-1.250812884213888254e-01,6.256506357549322939e-01
8.821100637330626659e-01,7.876932038981628859e-01,-1.046478158645692158e+00
-1.344456616593032727e+00,-2.665767033539863107e-01,6.185796882804297514e-01
9.755722810643507881e-01,1.491086467291341977e+00,9.580708946969267448e-01
4.094480769677775189e-01,-5.177763814489559913e-01,-1.451600947668726382e-01
-2.532190999633868067e+00,-8.234926591209562607e-01,-1.968722682376648825e+00
9.389842299706681050e-01,1.876676208475286378e-01,5.260076261125855579e-01
1.022482633734955737e+00,1.156563720028544129e+00,1.668442943964967506e+00
7.115023333043126730e-01,6.324710561739337322e-01,1.964126061927527811e+00
-1.371406441607570859e+00,4.432037111919756023e-01,5.290260508513506821e-01
-1.188502988948507033e+00,1.377546363467569090e+00,6.988646129490224679e-01
1.601398983800257803e+00,-1.875659296581919655e+00,3.488872484691580844e-01
-1.667352444051976912e+00,-6.169209050846149456e-01,2.764789692425657641e-01
-1.788864922830872839e+00,5.745871541542950656e-01,1.250788181285954481e-01
1.343317809705898869e+00,7.784879341568767819e-01,7.834078880048305216e-01
4.311582939651514845e-01,1.010775975369480495e+00,-1.277602883327417338e+00
1.586921049196191369e+00,1.832616910645309183e+00,4.323970268199412992e-01
-2.882043458673441805e+00,-1.952648523023686300e+00,-2.442984166346989561e+00
-1.936721067632158233e+00,-1.167839801338756534e+00,1.054420212503625054e-01
-6.921887016609253873e-01,1.004195700683788939e+00,1.307541262208685495e+00
1.911031527998974244e-01,-1.138353724446652115e-01,2.166944909460772006e+00
1.181620546954248230e+00,2.500696672895895700e-01,9.109401966841897957e-01
1.008207592197369440e+00,-2.200154801709713615e-01,8.108304662468843738e-01
-8.795669285277555316e-01,-1.328467834467994546e-01,-4.161269482481817494e-01
-1.713286166277570244e+00,1.153666589261435726e+00,-1.916277800350407068e+00
1.355748208326475135e+00,-3.487895799569899064e-02,-1.209615051846000933e+00
1.057570487904060830e+00,-1.003332993924677563e+00,3.119526502458242145e+00
9.017288741047482237e-01,4.082485105524878977e-01,1.017838624208144527e+00
1.208539018612246441e+00,7.263929817074339379e-01,-1.517155199611733396e+00
-1.722740711174255424e+00,1.335459760012441599e+00,-1.424218410055350326e+00
1.596132799407871783e+00,9.903585122153720777e-01,-9.812094008582969984e-01
-4.720265708259385740e-01,-5.414826734387911955e-01,-7.293892435955182663e-01
-2.223838593822171639e+00,-2.174895158013561217e-02,-3.756225908700132621e-01
8.759448325444716410e-01,1.971899911581263876e+00,-3.706138485594634435e-01
8.915023024642085847e-01,-5.616513122723156837e-01,-1.602640034846813277e+00
1.086697588724847119e+00,4.286072075641054330e-02,-6.961918907550534996e-01
-1.450698425907019917e-01,1.051701289619822122e+00,-4.947435956117148814e-01
-6.707940517380379664e-01,1.347257516002319466e+00,1.400785693110942143e+00
-1.093965284294103446e+00,3.264116911069596672e-01,9.003528023565510185e-01
-1.575966936329550538e+00,-1.636108017689940297e+00,-1.708263025912951427e+00
5.440509742973249629e-01,2.700618506016336240e-01,-6.740948005339421067e-01
-3.998345395043971795e-01,-2.219960109670509885e-01,1.632242915528026028e+00
-9.839310971444699128e-01,-1.296680634045335179e+00,1.021750835499930732e+00
1.054569251509998251e+00,-2.381175692576825986e-01,1.046148985605238169e+00
-1.505184140507425994e+00,-1.121946063586384606e-03,4.482917307241712779e-01
5.022488716999180536e-01,3.756389774090170691e-02,-5.345343862283846725e-01
-2.652192392410691602e-01,8.686539448515593342e-01,1.759183609771604484e+00
-4.737433517921186832e-01,-2.528192358999581946e-01,-7.706840184898549051e-01
5.944425086465624508e-01,5.480382837032956589e-01,2.082191817452632598e+00
4.412033753617139453e-01,1.008133168347155717e+00,-6.480663831499497984e-01
-3.822481650815712229e-01,7.200284922924287123e-01,1.548322745905147180e+00
-1.756186126020795157e+00,5.761589047426898258e-01,-1.808790860112952981e+00
2.662265634382663393e-01,-9.080884394788192315e-01,-2.060866324464257993e+00
5.483211229833565570e-01,-1.733251701712135717e-01,1.644143047612419473e+00
1.016048249409178261e+00,8.575245525549117787e-01,-1.847109943952376376e-01
1.366818488142322430e+00,-7.081428828210457882e-02,-1.076979138141593406e+00
1.942676742408696589e+00,-4.385693665721879797e-01,4.702447761534722659e-02
9.550397043491469784e-01,-3.252512054157610244e-01,1.262077538395937948e+00
6.222485523999945478e-01,3.552249038944781945e-01,-2.302906131804758338e-01
1.018459527821820476e+00,-1.441522331101323218e+00,1.075428796016124178e+00
1.398469593653415277e+00,-8.398941706176755728e-01,5.953241351985503194e-01
-2.178926618283865135e-01,3.157783324839430694e+00,-5.525717594615150441e-01
-1.460347844480753832e-01,3.285533544093764968e-01,1.885749916644232638e+00
1.175787792697600365e+00,-8.911474509786627696e-01,5.402964689367972806e-01
-1.588491898697350635e+00,-1.874932754299115212e+00,-1.307997369301053592e+00
9.421457188678366013e-01,1.237197483621288452e+00,1.583832481138069959e+00
-1.015113727948836253e+00,-7.616630966883939369e-01,-8.186429768002603247e-01
8.203880561721108577e-01,-3.339585672621668277e-01,8.984554449597408343e-01
-2.213521512097646138e+00,2.103350141386279293e-01,-2.439933497114443739e-01
7.192407517249479465e-01,-3.180688302570347514e-02,-7.388185672135569870e-01
7.218055071743422202e-01,6.651918750632171418e-02,-1.240317163934089084e+00
-1.912428091220500948e+00,7.044053390847542229e-01,-2.014806117834045285e+00
1.039230081676609574e+00,3.068533556605422263e-01,7.418703330124380990e-01
8.712192986524149863e-01,1.411370754997347265e-01,1.036824042533327717e+00
1.178449660990363856e+00,-7.238032492666671702e-01,-3.938037370826650285e-01
6.337171675799402326e-01,5.739081653668639399e-02,-1.289245680036205988e+00
1.586856145669293561e+00,-5.835687558948668974e-01,-2.034428143614734896e-01
-2.226931242707883563e+00,-1.023182743165429454e+00,-2.199232305800979059e+00
1.048640031742428036e+00,-2.335276967022521521e+00,1.380090145684865099e+00
-4.201071240873573975e-01,1.153154993582520049e+00,1.699726441046121472e+00
-2.334331249390473317e+00,-4.722716934926243781e-02,-4.355904656867131131e-01
1.275711295692557812e+00,-1.050552496716394613e+00,8.720819774716844774e-01
-1.289375315905100239e+00,-7.236934010612507129e-02,-1.480403770794004981e+00
4.567945606129099057e-01,5.702897625898474265e-01,-1.748202931517523373e+00
-1.082969231116031050e-01,8.314039462309258388e-01,-4.448825481771492285e-01
-1.567320684531076536e+00,7.496260029785155599e-01,-1.328010527014332753e+00
-3.720633806363780050e-01,1.084988843962424454e+00,-1.423489197735824385e+00
1.081337736926845761e+00,-1.177119856692148581e+00,6.483956093069256355e-01
-2.278192470153029170e+00,1.652526014090603068e+00,-2.110778244784648816e+00
-6.773838386610813167e-01,-1.577347653628686508e-01,1.366413954472943004e+00
1.070862077000391599e+00,-2.315375473508967996e+00,4.429799376188490179e-01
9.621196498100939021e-01,-8.697596679545954723e-01,5.451955472136468250e-01
-1.823725001014967484e-01,-1.269347350503183591e+00,1.910764132438561136e+00
1.177322618753566807e+00,-1.785500595368638421e-01,5.322504720762182284e-01
-1.189014699545890785e+00,-7.823681871127958765e-01,-1.288859398536578604e+00
9.929056391776704960e-01,-1.519153310011942259e-01,-4.158978388491130218e-02
-2.208961415268976936e+00,9.110451114892994529e-01,-2.138437785864135687e-01
6.774308436292486579e-01,4.537379797760999756e-01,-1.355004200758533006e+00
-2.870982301775168111e+00,4.232483494699314230e-02,-7.890744920435046605e-01
-6.535693403059223971e-01,2.366325969751899905e+00,-2.478263470416252057e-01
1.726667681337545446e+00,-1.021736477092104911e+00,-1.345516385394297521e-01
-1.936218954988906837e+00,4.925027503322809141e-01,-1.146497784722518176e+00
-1.399723295103808551e+00,4.319852826280547869e-02,5.826286732744903052e-01
1.021121285864239114e+00,-9.469042075392419822e-01,1.333815938836952819e+00
-1.259361430034864338e+00,-4.520662363025972907e-01,7.307130022037902073e-01
-1.801336338438832119e+00,-1.987184751090147472e-01,1.032033758590250594e-01
9.136146286762529822e-01,1.198967247209137943e+00,1.164560076913825126e+00
7.638946849905038361e-01,-2.111650092375668475e+00,1.887077129666382858e+00
-9.946526967305703293e-01,-1.141842777501405504e+00,9.520765157933661627e-01
-9.481745771823368862e-01,-2.061656740360908735e+00,1.032374191626378890e+00
3.469296689319464333e-01,-7.623578145080858182e-01,-2.177134717195587488e+00
-2.233566546068158631e-01,-1.298796483122007350e+00,1.745389002980884952e+00
8.997574107014736366e-01,6.309428151773539550e-01,1.237838781593450177e+00
-1.232823266319040156e+00,-3.226069402216974469e-02,7.218272754155247162e-01
-8.830601621967342219e-01,-6.838726744852910988e-01,-7.237496355712780272e-01
1.481000228921024231e+00,2.747291727003695755e-02,-8.706385561524992989e-01
1.047285556019643682e+00,7.627999998682079286e-02,9.648936416893328927e-01
2.509971333211429290e-01,1.191981503717270297e+00,-1.688860036245785956e+00
1.155455353965696208e+00,-4.165987072084480214e-02,2.262435285289542408e-01
-4.441394419338755561e-01,1.353288996838163116e-01,-3.907477581046300275e-01
-1.568956334346996551e+00,4.539877038273176235e-01,3.751029415021666091e-01
-7.361171180003340808e-01,4.098143891180951875e-02,1.312443706069429172e+00
1.737661985704546108e-01,-1.533464300653634815e+00,2.226532908722036463e+00
7.685495470082681635e-03,4.138443649708122840e-01,1.946370214799188592e+00
8.146581820790902428e-01,1.432433683296350790e-01,1.515771252486319609e+00
1.086820482057568871e+00,-6.394634080763353934e-01,5.310758925831227106e-01
1.161396863612371932e+00,-6.912455080380487393e-01,-3.102205973668894501e-01
1.753281202853143039e-01,-1.625328156987677408e+00,-1.103657705931740285e+00
8.680766650014325458e-01,-1.667748475732063529e+00,1.599374234514225890e+00
-3.139536933005089292e-01,-4.226414711409745006e-01,-2.036626632622768440e+00
-3.012283915379435850e+00,-2.139592001351912076e-01,-1.037702640188957304e+00
-2.888457929049234707e+00,-1.422626101289414247e-01,-8.695832045997149429e-01
1.208405555180755986e-01,1.640689863041098651e+00,-2.902730742457899638e-01
1.567572119502511629e+00,-7.475258549630710014e-01,-2.775637322352199066e-01
1.253506164557485869e+00,1.762471654231419826e+00,7.308367139116705991e-01
-9.537715464419114220e-01,5.569562967527889041e-01,9.779168562806302978e-01
-1.008102985567967957e+00,-4.787552854232502431e-01,9.307241911751857888e-01
1.731144813313728381e+00,1.597118052507474628e+00,-6.101236396673197504e-01
-1.268993047950150554e+00,5.959587586803279935e-01,5.907644842045378653e-01
7.185874025384098029e-01,2.923540884327709422e-01,-1.900664517015916877e+00
1.406513974425988467e+00,2.064768995951017594e+00,-9.938219969315355007e-01
1.976318079552060070e+00,4.273943292144236628e-01,6.202733741246433397e-01
-1.764866823037456456e-01,-3.462527436526194324e-02,-1.580886852654006747e+00
9.115442253639834957e-01,-7.655761424174932772e-01,1.153530604790947489e+00
-1.320093005383071283e+00,-2.614245121550360818e+00,-1.097872059686215929e+00
-1.799408202802235568e+00,3.509740156656162013e-01,2.055526608238070763e-01
1.141453561727551191e+00,-6.248859813131715235e-01,6.308839748277377257e-01
-2.682249953930595510e+00,-1.693285822340825586e+00,-7.054961485634672069e-01
5.975646470975921609e-01,-3.762294183425413663e-01,2.081614913924743959e+00
1.181032164221987646e+00,-5.553894123866826016e-01,-1.549377709280892468e-01
-1.499050226841575295e+00,-1.180286485716916633e+00,-1.880476060106346825e+00
1.045307006379035064e+00,3.562100243634880314e-01,1.334075507683294415e+00
1.964217487375362392e+00,2.985919081201433567e-01,-9.727443629180310136e-02
2.364370723227950943e-01,-3.649207464860704242e-01,-2.733212047032238523e-01
4.295271526400328277e-01,2.468419650851506331e-01,-1.476574236877993052e+00
9.491563770221584928e-01,3.649383878426216699e-01,1.932227679961825650e+00
1.775895040775600897e+00,-2.354708095855345906e+00,5.056974044770747856e-01
8.194623044261449829e-01,-1.693878171717845049e+00,2.146330035088161559e+00
-7.576106743390546017e-01,-1.176549421019883329e-01,-8.082321817528481667e-01
2.417395110839257732e-01,6.311765723312955378e-01,-7.964100036007670802e-03
8.915015747867605089e-01,1.900512747851084816e+00,8.896479304804235655e-01
1.205784482844416639e+00,3.715288284449337897e-01,-5.252086923901442272e-01
9.858009065707932228e-01,1.189047588429708258e+00,9.032174245500886878e-01
3.429180126563713404e-01,-2.597400900062826756e-01,-4.284127295435493643e-01
1.028498967013500742e+00,-2.210848094662202779e-01,1.516155816114815647e+00
7.664336544580137023e-01,-8.347129930392030994e-01,-1.540023933841174086e+00
2.372030428736410457e+00,-1.918286602837988353e+00,5.964243300844032092e-01
-1.109680114108381410e+00,6.922342070199083430e-01,8.810637978559320294e-01
-2.197939822339540772e-01,1.926437095868312133e+00,-2.356883699360256657e+00
8.535297600231480653e-01,-6.255262606342708587e-01,-1.329684320068407199e+00
-3.802547835680211152e-01,-7.559331756506407762e-01,-3.978465793275850482e-01
-2.201905209838796118e+00,5.585139819577764619e-01,-2.461577583180218909e-01
-1.177342099522896701e+00,-7.850787654971669305e-01,-1.310369983127183779e+00
7.203954439144198973e-01,-9.136419708821161834e-01,1.452228273924357715e+00
9.973965276433249816e-01,-1.161413782117162619e+00,-9.743843085763902456e-01
1.530507606555968403e+00,6.832710293112828071e-01,-7.503593712936880156e-01
-1.909628239403303063e+00,3.238912548189149643e+00,-2.716907962510672903e-03
-5.769264499447590566e-02,1.725087819791168098e+00,1.853641909287220724e+00
8.203724608339467705e-01,-1.388862755365289914e+00,1.986801638364410039e+00
-5.258973345336592775e-02,-1.263911094283017289e-01,-5.728411564962472280e-01
8.612240671008024595e-01,-1.082898201509208791e+00,-7.420740395039427950e-01
1.994848421546799866e-01,-1.976174494701895545e+00,2.141424954873254016e+00
-1.855009808261344872e+00,9.954678862799016814e-01,1.268781511649057503e-01
-1.167578765679778474e+00,2.563987989348892160e+00,-1.140699644049623762e+00
-1.959703230178499567e+00,2.058876600285162617e+00,-1.140857319422309502e+00
9.691112229043549187e-01,1.803891651183202827e+00,9.640687766097071343e-01
-1.361914880196432920e+00,8.466837074308345423e-01,6.394654277871394399e-01
9.054967125229367308e-01,-5.927874468214597847e-01,8.584365702735374803e-01
8.267644501858072426e-01,8.877398398676966673e-01,1.841311931128018387e+00
1.414952398106576803e+00,1.403639632724650310e+00,-2.334626579862209006e-02
-1.065832040592181507e+00,1.612685719227230363e-01,-1.270739587769081247e+00
2.364117920696200414e-01,-8.926360411123306993e-04,2.271783987765515711e+00
1.507236467092810672e-01,-1.843419568265070696e+00,-2.229520341659152916e+00
9.298578624503426315e-01,2.192237275900288107e-01,1.249942206571343251e+00
-1.650624846084553177e+00,6.041662140467252140e-01,3.469633215721600328e-01
-9.078332999902641864e-01,5.007032605973911199e-01,-1.330950620578317922e+00
4.674896736601223957e-01,8.331089099944351262e-02,2.420715051370800452e+00
-1.328012581590494179e+00,2.647978793470995851e-01,6.363396509941764423e-01
8.637621813868932019e-01,1.032875726810718042e+00,-1.863226547759003537e+00
-1.893657616012711209e+00,5.218398680888258756e-01,-3.209549882496287587e-02
-2.154305079697290903e+00,3.266491777466406510e-01,-2.772663549138913996e-01
7.415465339324517346e-01,-2.954400964934554175e+00,1.320753603459206449e+00
-2.329650121799717866e-01,5.337991306083081922e-01,-5.382555146367675736e-01
-5.951369537862742920e-01,-8.227091884734002436e-01,-5.963199877678835303e-01
-5.843225421056352786e-01,5.353294836294643089e-01,1.421418020189934461e+00
2.695268407924289455e-01,8.863854814487269751e-01,-8.286343115901749767e-01
-1.181773807126333953e+00,1.046717938129217984e+00,-9.918654939105273627e-01
-7.019818963560764402e-02,-1.125793779326318411e+00,1.985409914440819046e+00
-1.859008235141691667e+00,-1.826158131345348101e+00,8.765107425187967927e-02
1.599914717563186262e+00,1.453579171215046539e+00,-3.100684024020228247e-01
1.606327306508645192e+00,3.126801446035816501e-02,-1.099554937559986456e+00
8.781528501170166034e-01,-9.767337986059596577e-01,1.628801207176457710e+00
4.067933447031077954e-01,1.081333465551269080e-01,-1.696679685899234569e+00
4.873166427870965212e-01,1.322694649942681933e+00,-1.606708675536005160e+00
-2.317275745982285695e-01,-2.408441644617202171e-01,-3.121456908974715727e-01
-7.145459273196226313e-01,9.985383890089739589e-01,-9.094358713668826422e-01
-6.079817078309948108e-01,-4.010297922157561867e-01,-1.335737733358548951e+00
9.060992049334783971e-01,-8.490722162004475937e-01,-6.764973970226624278e-01
1.231620281303387632e+00,-1.325849414085522593e+00,-4.424456826352469729e-01
1.255953256908756366e+00,4.828749748683153209e-01,-1.732720517133410354e-01
-2.197645852800190536e+00,2.454573846548356031e-01,-1.027949586787825886e+00
-2.226876875662628930e-01,8.099231333314492742e-01,1.882018972346118257e+00
-4.048452068947734350e-01,1.203662557255895105e-01,-5.887092066669670221e-01
1.242497142196729687e+00,-1.417124923803315673e+00,4.327304643681512131e-01
8.689276109892686284e-01,-7.489315632257865715e-03,1.745795910666180228e+00
-1.917037938091326055e+00,1.662622277248565483e-01,3.587976023744821052e-02
-7.226701069924693632e-01,2.449174466257185157e-01,-1.078434545965295976e+00
9.041819315552407366e-01,3.842482884579602742e-01,-1.962132317021568761e+00
1.789035783000071378e-01,6.893420374265651906e-02,-1.122976232745224845e+00
-2.273552900040388458e+00,6.193508094075386161e-01,-2.164622734742145838e+00
8.557552789068271215e-01,-6.149402889327235666e-01,1.425126651892635099e+00
8.195507987440009412e-01,1.145985976928723948e+00,2.294781191561164668e+00
-1.327433004356433521e+00,-1.900442968332675120e-01,6.481357344882422433e-01
1.264348870523202661e+00,1.356418316194809126e+00,3.913339430815730990e-01
8.900091730094705778e-01,8.182133274238992948e-01,-1.774939831395224710e+00
-1.093356671479779996e+00,1.361194951690797961e+00,8.310054740400762974e-01
1.030121259606567197e+00,1.540402627028104598e+00,-8.716256099343737684e-01
-6.460082834297389276e-01,1.711115498444857552e+00,-8.324977470933205836e-01
9.146974740330378051e-01,2.176750017555157513e+00,1.011969384393833993e+00
4.178179443502338941e-01,5.419940603663557788e-01,-2.318038015795541806e+00
-3.287395670963628724e-01,-7.726556647033981928e-01,-3.537593832312803110e-01
-1.424936569906149808e+00,-6.244918571085964487e-01,6.306987004328704627e-01
-1.244139952556154727e-01,5.278414186277132769e-01,5.092180021721941507e-01
-2.079355628611633033e+00,1.645628634770980314e+00,-6.842791045758223056e-02
1.495295207438920748e+00,4.265104181492350155e-01,-8.072635642379737408e-01
1.915588879695948377e+00,-1.139710624899787472e+00,-4.006994633975935471e-02
-8.848221374920712812e-01,-9.167886543483827477e-01,1.028778223581198858e+00
-1.963115404903915229e+00,1.006440319407378992e+00,-2.475050406618413135e+00
-7.622637142250240361e-01,-3.480823727884038155e-01,1.216863032776330122e+00
9.187379098969272739e-01,6.778093920670954509e-01,7.678837066712507209e-02
9.815498884316523620e-01,2.160235935082407188e+00,9.017132881058035343e-01
-2.641812645116194513e+00,-7.914629688266584528e-01,-1.742017007476744705e+00
-5.605071277291679976e-01,-2.196020843004119205e-01,1.485167181140403025e+00
-2.562762442586575151e+00,7.221003190167152308e-02,-6.302036773808736836e-01
1.441989592191536662e+00,9.289094537954128983e-01,-1.203836092190575524e-01
1.180100117411105876e+00,7.198606622595212778e-01,2.579909384327653266e-01
-1.139673934480045059e+00,-3.786850217088653242e-02,8.910965180083583181e-01
8.523834092668947093e-01,-1.345800642373558009e+00,1.076249366783125216e+00
1.049122564620125653e+00,-2.343443082719316006e+00,1.567512870946211834e+00
3.625648612205656374e-01,-1.229766267386406042e+00,5.253616394010298674e-01
2.024755110236772460e+00,-4.923566726643661268e-02,4.080152031196022655e-01
-1.079753476173838989e+00,1.455003138547841024e+00,-1.131510335454142480e+00
1.593136720631549652e+00,2.066689031943816257e+00,-9.190425736536369516e-01
1.128706450465283062e+00,1.407865362423799560e+00,7.990335025962770343e-01
8.782482463881055024e-01,7.133303875594478871e-01,8.478026111666980835e-01
9.757935934316686044e-01,-6.613709943891192822e-01,-3.271130375448121352e-01
1.154222887945644427e+00,8.226837879734201497e-02,-1.016386339423773100e+00
-1.039681780955253210e+00,9.300070420449384478e-01,-9.735871706557593930e-01
8.241138774493250718e-01,7.206069072226622962e-01,1.962153030331949655e+00
-2.169259315765125429e+00,6.992151240320171324e-01,-2.223110741708733684e-01
1.096637366031414818e+00,-5.269544729133015526e-01,2.315758956595770357e+00
-1.812209470813936907e+00,5.694892950422567601e-01,9.337607104303613514e-02
-2.132027693737045260e-01,1.282663245757993620e+00,1.837398072015654860e+00
-2.108075447701769356e+00,-8.950172310128929887e-01,-1.540461052011470766e+00
-1.514552234003115005e+00,-5.101326996595319241e-02,5.445345907101583061e-01
-1.838946747666834192e+00,5.934812930442631140e-01,2.077031522538269614e-01
4.632216796018607807e-01,1.064332110647319807e+00,-1.435267671893844632e+00
-1.369416325417616154e+00,-3.692618583057710180e-01,-8.778137841008881725e-01
-2.470438385256128022e+00,3.555451829189804069e-02,-1.871939432575592255e+00
-1.206123070178818812e+00,-1.712310654874233951e+00,-8.714335697986785867e-02
1.053660979739673653e+00,-8.942995108095039836e-01,-4.458245832862388625e-01
9.421059234932439574e-01,-1.509133663592818531e+00,-4.479937628867012300e-01
1.091780978327649088e+00,9.174711823250892850e-01,5.577797271647626509e-01
8.919090909006764933e-01,3.096770740075622252e-01,5.449190093048926764e-01
7.438343981543524830e-01,2.007831413879924698e-01,1.187523048847150431e+00
-1.657300728192304451e+00,-8.193126081610746167e-03,4.290949554687154555e-01
-4.293741331310815257e-01,-4.777790047808028184e-01,1.624211016784806727e+00
1.303665111441830504e+00,-1.613757378192332004e-01,5.047235994582196517e-01
-5.172931002719856064e-01,-1.782560364765392258e+00,-9.109434506901459283e-01
5.599066805365040533e-01,1.092112506937181093e+00,-5.698340172127795977e-01
1.283084495929626812e+00,-1.033511782898933751e+00,-1.371076821270340584e+00
1.691523896660929838e+00,3.026154170330522253e-01,3.630637806664314127e-01
9.682872671117448427e-01,1.372583549568783035e+00,-1.688651782531620960e+00
9.347208720999761189e-01,1.890714684115067101e-01,-2.241583415428542114e+00
-7.261988370956755645e-01,-7.446957939680122207e-01,1.325815680936502261e+00
-1.701671693951052777e+00,2.531374881699727464e+00,2.900263024056537464e-01
7.658034603368667481e-01,1.460677427687936680e-01,-2.082395174223715006e+00
1.013219055153212533e+00,2.003058263606298794e+00,9.341249194816168000e-01
-1.940134184265140949e-02,-1.328015506577243654e+00,1.877431085843874747e+00
1.040442637381340463e+00,-3.404519822450713940e-01,1.275857633318409068e+00
1.083243497842324654e+00,-7.646951277645699374e-01,-1.569734408364181988e+00
1.427271672008134651e+00,1.598203998377767387e-01,-8.344997232211996963e-01
-1.445406539793589129e+00,3.683593267888038425e-01,5.212079225229584445e-01
-1.168938793334156401e+00,-5.926762423549735148e-01,-1.191705151805926732e+00
-1.865877038292603762e-01,4.065726607886002014e-02,1.822614075864297689e+00
4.917140006251072837e-01,9.883193685075057633e-02,-1.880702213329507710e+00
8.962534310408847293e-01,-6.303192588489489046e-01,-6.853933055093144322e-01
-1.808336256132440312e+00,1.647262934097267317e+00,-2.023739617744111818e+00
7.729318425005249349e-01,4.480750039706100640e-01,-1.264571927294977582e+00
7.651834496705955946e-01,6.238694107532989364e-01,2.808078422650200245e+00
-1.532273425286474478e+00,-1.007787235067054699e+00,5.076721087615920780e-01
9.891215533715106423e-01,-1.184373215166324655e+00,1.302559654835761860e+00
1.048244906985412506e+00,1.728099399731044983e+00,1.681842590324318154e+00
1.123014824296793890e+00,1.395380876656107771e+00,1.119256768818625236e+00
1.127019733161379156e+00,-6.491171183389607968e-01,5.365661825788066164e-01
-9.597982442109453949e-01,-5.700556305875879026e-01,1.055470266207087615e+00
-8.026444969698449672e-01,-4.502850935766258278e-01,1.177840949131843118e+00
1.214891582046326413e+00,-1.200512621576481864e+00,-5.144853695561693030e-01
1.022410010026693961e+00,-1.824295340995010006e+00,-4.808422512292485074e-01
1.401189812562003034e+00,7.732764588216609059e-02,-2.138216434922980413e-01
-2.606395465527492572e+00,-5.639433702676837079e-01,-6.160137315137770297e-01
9.537409858528090867e-01,-1.032671880871026904e+00,-1.546733881852515591e+00
-1.520551642862798758e+00,2.730689419127842132e+00,-7.028875167599484275e-01
1.452322184579312392e+00,1.102403532835258160e+00,-6.440544995623296298e-01
1.126121299631719808e+00,5.505134652289990216e-01,7.915698717064765244e-01
3.955477841359391622e-01,1.500592463798910536e+00,-1.088383220200233703e+00
8.281886360808183856e-01,-5.620238498983864267e-02,1.197920340835081365e+00
-1.259933756106131231e+00,7.188869596914728710e-01,8.379015716068629605e-01
-1.580728920909288959e+00,-5.593751382852135690e-01,-1.188817771591724748e+00
-1.666376099241778430e+00,-1.054983906674083149e+00,-1.543974455506561760e+00
1.236603442650294316e+00,-1.743517712029981404e+00,-8.795357280566774572e-01
6.650701605088520374e-01,1.230853040537781412e-01,2.680602756626354832e+00
-8.553714848333063836e-01,-1.431476692393361061e+00,-2.710380254919049214e-01
-2.698094631304722935e+00,-6.466142099878772198e-01,-1.594156642915256938e+00
6.666542222406108831e-01,-1.418083231142620582e+00,-5.067993210779104807e-01
9.810176928986634737e-01,-8.846516821994009072e-02,5.762356856998845922e-01
9.748965605706990667e-01,-4.683446557325723902e-01,9.665866188483535071e-01
2.689954500595245213e-01,8.951921003328218440e-02,-2.016907077828384409e+00
5.047006181524238411e-01,-4.443622169673577260e-01,-2.107797818030885395e+00
-1.803640204933773639e+00,-3.297532056450036553e-02,2.953228205020990149e-01
4.277395888864173878e-01,8.700169351036731724e-01,-8.901196855460786761e-01
-6.699941484793769941e-01,4.207549988530095986e-01,-1.163824809679524508e+00
8.329505412035138612e-01,1.233433196466576121e+00,1.260948088781870036e+00
-9.279504466521758532e-01,1.625421836712687140e+00,1.105068364293936511e+00
2.257874241069530719e-01,-8.577865613958132740e-02,-1.408086351317008544e+00
8.268029406221309996e-01,1.093795085827330427e+00,1.638005933172286488e+00
1.267133376850736237e+00,-6.827111379886827702e-01,-9.300283021543442885e-02
1.230433002339814896e+00,-4.285949095892246929e-02,-9.967884228927113011e-01
-2.604867158803214622e-01,3.229086101526039143e-01,-8.700336544870438393e-01
1.180152185468991810e+00,2.359504246771347569e-01,-2.784554292287645394e-01
7.304370496803639368e-01,9.614972777122862135e-01,-1.298180131661183623e+00
1.022301101991521133e+00,-5.829123591746336874e-01,-1.084962741109538609e+00
-1.022238473995068508e+00,-2.824332820433940764e-04,9.158458729368050832e-01
-1.449895253237293069e+00,7.939427582047202739e-03,5.396479267704581417e-01
-2.901403028345680424e-01,1.226364483103536962e+00,1.799803110835317410e+00
-1.252829898626001581e+00,-1.375186057546632146e+00,-2.202242827061971830e+00
1.196808028281144631e+00,-8.854310978496279239e-01,9.664022921647998920e-01
-8.374602049154779015e-01,4.370412529659779000e-01,1.030483790280975809e+00
8.439598324131872831e-01,-3.249336664232325145e-01,2.039457457230041904e+00
1.033602975028234061e+00,-3.054479281377860400e-01,6.675964119702333388e-01
-1.914727621691838966e+00,9.175996907835926031e-01,4.652578906639248668e-02
-2.631047277998866951e-01,2.019740992297845317e+00,1.772671685729761970e+00
1.091555208377415598e+00,-1.614336936437196779e-02,3.542695383917622287e-01
1.290785676305145069e+00,-4.039680806543249902e-01,-2.938028722648007296e-01
-1.899120562017645231e+00,-2.422597531479945498e+00,7.379256225500308020e-02
7.782684150584555649e-01,1.256158840960499345e+00,2.854241635127734433e+00
8.554031567063214991e-01,2.697910633057940544e+00,1.998537207940229266e+00
8.725407638801423449e-01,8.769438505421062180e-01,-7.943910077752590615e-01
8.572302430391184336e-01,-6.492812133182895851e-01,1.152349734390660574e+00
1.162961607305050826e+00,6.660480672253897838e-01,2.937808227666274252e-01
1.085861852147135487e+00,1.058400246149707957e+00,-9.479855306049932429e-01
-1.006440179191783191e+00,8.526151188149001525e-01,-1.341859231118173845e+00
7.597549601705815281e-01,7.206806096568962872e-01,8.993251001923603383e-01
-2.057317584339408700e-01,-1.129525907504349780e+00,1.744068327148562414e+00
-4.546452368500376595e-01,9.176798239889795150e-01,-1.843252063921441142e-01
5.060824736793112510e-02,-1.318593260570658066e+00,-1.114647391280682243e+00
6.174949333787589367e-01,-1.100729537341382347e+00,2.727252601485030681e+00
7.536739955521556400e-01,1.182466315432659787e+00,2.430115429741557698e+00
1.028251480737997436e+00,1.163136760768716638e+00,1.205615979945964922e+00
-3.406304311489611880e-01,-1.774457321745041227e+00,1.722106364381163601e+00
1.109209790084849878e+00,9.508870997277661941e-01,6.235949553774731147e-01
8.966135956722181000e-01,1.494868545417991301e+00,2.977695506098083644e-01
-1.717168936998763495e+00,-6.744376633657142017e-01,1.997619516210377144e-01
1.019352504820623118e+00,-3.313451904141674897e-01,9.631178164922948870e-01
1.428280855075080957e+00,-1.312237127782559076e+00,-9.352442673966117059e-01
-2.861982479762385179e+00,-8.855130298066596906e-01,-9.026908533691657688e-01
-2.244692871092753172e+00,-1.033507755411616547e+00,-1.930980345222322425e+00
-4.459710848564107932e-01,-6.806095628328088232e-01,1.570696441244225028e+00
8.923433255193151670e-01,2.049828479627912869e-01,-1.218036645036031818e+00
-1.445102702673799255e+00,3.684936805968746509e-01,4.955256537734933353e-01
-6.654565466190740519e-01,-5.725775900139761232e-01,-8.431996660512215414e-01
-5.428806037747603286e-01,-8.828864642871575574e-01,-6.738753611135330779e-01
5.999607782622191632e-01,-1.261241289115757891e-01,-1.697948225783771914e+00
-5.198053155005420978e-01,2.614713167111331504e+00,-7.799373248462427854e-01
1.504392862298920441e+00,-7.238678051187520390e-01,6.060935621063132661e-01
2.893630345522467673e-01,-7.207936910197778602e-01,-1.541797360699213248e+00
-1.111727197796607669e+00,-2.086374451682996081e-02,-9.284231292346695197e-01
2.759095402437843347e-01,3.613459060382285815e-01,-3.674349518351147648e-01
-9.507100143814658511e-01,8.571825839741217257e-01,-8.357117075598260447e-01
-2.145086230627376578e-01,-3.041659315695600663e-01,-4.816605037550547586e-03
1.120137764194827579e+00,-4.866640975674511593e-01,5.121196380489786426e-01
9.175520609702082497e-01,-1.972451371632866435e+00,7.995817813056960155e-01
8.987157617251598785e-01,-1.403890232773963298e+00,-6.165189198474319010e-01
1.204074661044950645e+00,1.625115414880709652e+00,4.211685647095055884e-01
1.219164521522309030e+00,7.838193663247185194e-02,1.751053965224640407e-01
-4.711881162378951382e-01,-1.414359899827723366e+00,1.598890339037007280e+00
-4.259411355464870486e-01,1.238284161686167284e+00,1.545618261760707712e+00
-1.532038909946752403e+00,2.010861527682681060e-01,4.191628397565103636e-01
1.001730642916375258e+00,1.086252997399423936e+00,1.242786614834924475e+00
9.036301804218472844e-01,-1.335449153748993867e+00,-1.189993341629266288e-01
-1.295454123279456304e+00,1.112418759236059262e+00,-1.603190503311271442e+00
-2.327018166635597129e-01,-7.982821523065657121e-02,-1.082421695477788770e-01
-8.959552420596450517e-01,-4.941686736130846969e-01,-1.160420774943263122e+00
-3.328779266909263068e-01,-3.800872157041076393e-01,1.627316534371475498e+00
8.154884576048626599e-01,-8.739880327569279350e-01,2.270214600619992140e+00
-1.872572610728641340e+00,-8.137844683102909427e-01,9.447358638704161926e-02
7.145231750705298701e-01,3.906679556624297056e-02,-1.461479741940527877e-01
8.997510766942035110e-01,-8.833265992981247372e-01,-1.407669231782524566e+00
-1.132958446520864193e-01,-5.332810867182797843e-01,-1.160801375013900127e+00
8.143670097219936066e-01,-5.123179867210153615e-01,2.040099942880192252e+00
1.155136010607519914e+00,-1.944215568064898703e+00,5.796848574151188815e-01
1.070614354218593967e+00,5.969513170055656959e-01,1.229431366918229296e+00
-7.581579928936922341e-01,-1.057944130440290564e+00,1.279200443903869555e+00
1.843852535464124864e+00,-1.670544616685395722e-01,-3.390709695996532158e-01
1.192166155993089394e+00,2.743227675773926011e-01,4.277897514013695446e-01
-1.744751400129040508e+00,-4.230342749414077730e-01,2.330312627510647827e-01
7.205709023074544639e-01,5.736907812386791150e-01,-9.219057319345050905e-01
-3.101425277243685663e-02,-3.917006556115095184e-01,2.106924936956653838e+00
1.344328688712190356e+00,1.237532015474700764e-01,6.136726247416890434e-01
-9.224662068558039385e-01,-2.636041353459466774e-01,-2.764070860189099532e-01
-2.445999736938249125e-01,1.161840905143343705e-02,1.029560683463477400e-01
9.709745058319703137e-01,-5.658767279962910735e-01,1.252139091769550294e+00
-1.951317047147102191e+00,1.225421404852003349e+00,1.743329224949563550e-02
7.100702678799121204e-01,6.096183015569343056e-01,-1.474279649181914120e+00
1.026364929132216774e+00,-6.098573974985220802e-01,1.294975631843839015e+00
-2.579145217413426394e+00,-1.702650084753982496e+00,-2.444007468304245201e+00
-1.268620690691413033e+00,-6.257503111916427052e-01,7.036286705448386858e-01
-2.548844584872262509e+00,2.895080726498878154e-01,-6.216944050204893379e-01
9.784723687414662585e-01,-2.182029242538195302e+00,9.681896060550857497e-01
-1.061450189473586159e+00,-1.175761438944435966e-01,9.345202764673529172e-01
1.924493384124852158e+00,-8.153634657373647343e-01,-5.700414397826538693e-01
1.787102218274688070e+00,-2.071738960613588976e+00,-7.257451658337896738e-01
-6.312194843136453848e-01,-1.344783010820961078e+00,1.423511051826297891e+00
-6.931191997599106536e-02,-5.793843707853254532e-01,-1.485652817544382831e+00
7.776326919044842523e-01,-8.610119449898858690e-01,-4.814476408959211806e-02
1.028454499883596274e+00,6.228323515595995952e-01,8.385276078879888573e-01
1.024511866515714242e+00,-4.923200367614535833e-01,1.266464754635216128e+00
-1.061932807144759128e+00,-6.300909867742088277e-01,-1.036750095881869616e+00
-1.275586797134254935e+00,1.275503438491491393e+00,7.398426753075600937e-01
1.801451003253196514e+00,2.767096163854685820e+00,-1.290016338500845183e+00
-1.987004962010242792e+00,-3.537268860209104304e-02,-1.781948434727182118e+00
1.033137851333050472e+00,-1.283225740129023906e+00,4.785161368106819468e-01
-6.348054518645019906e-01,2.561629086932770694e+00,-1.132268072552109039e+00
-1.900877263040365861e+00,-1.473140131065156788e-01,-1.712253809886246314e+00
-3.220958693355330249e-01,1.937293141590734402e+00,-4.728574773749159021e-01
-1.235450166886176149e-01,2.842357953775141999e-01,-1.565348222682863444e+00
-1.066639670559040631e+00,9.639966039452548818e-01,-1.553300185165666036e+00
9.371821243180715744e-01,-3.033691253577501246e-01,8.705265378647655261e-01
-9.921785390107284996e-01,-1.264580446108523604e-01,-1.389563799175250747e+00
-1.742810646019957943e+00,-3.740152135556978202e-02,-6.795546377905101743e-01
4.697490296486974692e-01,-1.372144539745147052e+00,-1.718113934656396502e+00
1.753151154525780742e+00,8.731360446219720295e-01,-4.797245019926926757e-01
1.773938101067477735e+00,-1.186541566361292155e+00,-6.076442719674446380e-02
1.965651709277956849e+00,4.394895967634901424e-01,-2.208673726168365326e-01
9.052799284306690675e-01,-4.559803658431492712e-01,-1.047236958533550144e+00
6.428809313354109101e-01,7.703499762351345703e-02,-2.082709887348377364e+00
-1.534942424173067588e+00,-2.255706828816305201e-02,-1.360039656706253597e+00
7.104401160978738305e-01,-1.540075731587972951e+00,-1.768398270126337435e+00
1.538463831596013964e+00,1.544237465580455382e+00,-1.382017141441073127e+00
5.364382821473727692e-01,1.130239667856374752e-01,2.527750338940831121e+00
9.411723002354500656e-01,-1.122669648992306035e+00,8.600645855470758772e-01
-1.594037045100544114e+00,1.191161236345469776e+00,3.707369644643966344e-01
-1.754308540524420756e-01,-2.280042250239855961e-01,-6.034983543157723673e-01
-1.746390734811395173e+00,-2.096638772253583693e-01,2.539412226057325972e-01
-3.543583689880469567e-02,2.699560270305326748e-01,2.053551856747859894e+00
7.329777556064274169e-01,5.554494628368448206e-01,1.805247786733748416e+00
1.573836181026300629e+00,-1.239450585780117908e+00,-2.733352022378676693e-02
-7.405824786758219425e-01,1.646939239499336960e+00,-5.699098114193477116e-01
-1.610372873612563094e+00,-1.521975831855159056e+00,-1.568896487114415983e+00
-1.145662419725008263e+00,2.039285971442316825e+00,9.323459977707798663e-01
9.690569800303064918e-01,1.888799712202709147e+00,-7.227072012914015353e-02
8.698380579409370483e-02,1.074736963815803525e+00,2.194173413143329032e+00
9.296079980124134501e-01,-5.425941352577270393e-01,1.739998109662420855e+00
5.624149444506769679e-01,1.000283005380998125e+00,2.370644485611939523e+00
-4.717348736860453862e-01,-1.136155484085394685e+00,1.397062973669246366e+00
1.181925549146459531e+00,8.237110475101496743e-01,-1.299460591003549492e-01
-1.714642365894699427e+00,-9.703810317995217316e-01,-1.455620356302266494e+00
3.933173013897395265e-03,-2.070794461823568522e+00,-1.938319428772928177e+00
9.905780591403854363e-01,2.233853506088764984e+00,-5.797336766984446665e-01
9.647683480848990856e-01,9.718276454527179364e-01,1.321288841664995939e+00
-2.404070218389633418e+00,3.774187532425914982e-01,-1.844253284130896731e+00
-1.451126152845944040e-01,1.881952548871764330e+00,1.838121358310684350e+00
-4.851892597398056450e-01,3.739550614421581209e-01,-5.332264116205349680e-01
1.556009572163622234e+00,-1.798530860297112843e-01,-9.249325601958258147e-02
1.098782005097772796e+00,-8.063825572452476553e-01,7.560169107713082814e-01
-3.516223142954139069e-01,-1.643785608660255637e-01,1.633677964643360347e+00
5.464891279820101033e-01,3.272785719192222498e+00,-2.515796850835221310e+00
7.334772455902054400e-01,-3.449845681578219692e-01,1.977233243797477336e+00
1.429659702351381512e+00,4.943893551348394477e-01,4.791296284153425677e-01
1.767952313129006914e+00,-1.724825733344570011e+00,-1.382291463068563431e-03
6.356240561568338165e-02,-5.613328707345626167e-01,2.118744133614916869e+00
-2.056129681016011457e+00,3.219000401458966376e+00,-1.936452558815173752e+00
-2.216159045755322410e+00,-1.352665947984052375e+00,-2.166253725658082274e+00
-1.060173090707495547e+00,-5.316402473580195132e-01,9.745875097646301555e-01
2.678877218563533447e-01,9.790295188368406398e-01,-1.176245411168804766e-01
-1.445050590865800899e+00,-1.055233449159574066e+00,5.268878375839020078e-01
-6.219594052456491884e-01,6.543983557268235884e-01,-6.367311974768091742e-01
1.778993888270321566e-01,-1.391747582194471811e+00,4.154630312957907634e-01
-1.176745049500732554e+00,-4.662849158166150199e-01,8.262930173861173788e-01
-1.382664298179451912e+00,4.037035165637751777e-01,6.475042450927566140e-01
1.926670870380338130e-01,-9.890052541086588045e-01,2.257649473482487679e+00
1.110606592528991854e+00,-5.425379236113258008e-01,9.196984150744419440e-01
1.193782271636139036e+00,4.188737852677972273e-01,2.476122764466683890e-01
5.750357346033019290e-02,-1.936795764394648955e+00,2.078211536916644953e+00
1.494505878788588094e+00,7.049740074746142504e-01,7.244670274916353847e-02
7.004721828750526402e-01,-4.853428643463941761e-01,1.638119857663055567e+00
-2.253359854353575553e+00,-1.138965535648364530e-01,-2.771525598737368590e+00
1.127308602743592125e+00,-7.106340205273400379e-01,3.353434563686693570e-01
8.080328339922939751e-01,-9.717751140179539671e-02,2.242952368571164534e+00
-2.377538396190945313e+00,9.889638819117383406e-01,-4.138292415328994611e-01
-4.901612127515391215e-01,-1.071432552882988665e+00,-4.407881452206902084e-01
1.084403539635728997e+00,-1.730711177325231775e-01,1.366585269413238546e+00
9.683174839444632642e-01,-6.054312331609627007e-01,1.097356913101250608e-01
-6.694344689229563272e-01,-1.342866400203603372e-01,1.248504369992954777e+00
6.015954750989793709e-01,-2.036271792183529605e+00,-1.278396035243325457e-01
-1.084619650462006923e+00,-1.996310914877609033e+00,-1.476359505938841021e+00
8.075154483613011802e-01,-1.554200739675122733e+00,9.760440768963730696e-01
9.155797692281995026e-01,-5.736519076029735764e-01,-1.346252209065708083e+00
1.872257058276411090e+00,1.733371126502662340e+00,2.231891151380345217e-01
-1.374812788348151127e+00,4.325915783256317759e-01,-1.425423574982412900e+00
-2.046630946415330943e-01,-2.813417346163207267e-01,-2.393531584177656768e+00
-1.968456592245990899e+00,-1.876260937293281694e+00,-1.658948477585390435e+00
1.114786574209936321e+00,5.928506704592453325e-01,5.209131531947361893e-01
8.294503634916157164e-01,1.344382963014232879e-01,9.338567045034765757e-01
1.023449635904366106e+00,5.825555149771290131e-02,1.080591273801752905e+00
4.451286392774718159e-01,-2.217332809106203673e+00,2.281289772477550493e+00
-2.016177339717603711e+00,1.135510652316317648e+00,-1.877779535472562822e+00
9.059810255011518931e-01,-5.417107900133298903e-01,-2.322133268207999812e-01
-9.518946738049418599e-01,9.181144128928056536e-02,-6.769670530247102747e-01
-3.257888470410041926e-01,-1.977951328595173308e+00,1.728433631311160790e+00
-2.177701284182324670e+00,2.454609451934485626e-02,-2.112524960965182608e+00
-1.985400518412671733e+00,1.155490931377430197e+00,-4.873353037127658993e-03
8.317411433308240509e-01,2.402198295960633612e-01,7.162624438714548791e-01
1.008367147920537832e+00,-5.318611564912906209e-01,1.955110828931468259e+00
-1.141782828374329650e+00,1.072117599124475795e+00,8.539097268582936939e-01
-9.757615454707280200e-01,4.129409240493366051e-02,-5.674352599469527636e-01
1.674763317219564396e+00,5.040469416265104252e-01,-2.433281778838921605e-01
-1.658969829987886335e+00,-5.437390263261522305e-01,2.923991739516169641e-01
9.908955268034232988e-01,-4.907419308610735942e-01,-8.710493709227358217e-01
-1.142432068944998269e+00,-1.015477438250421693e+00,-1.523899990014798922e+00
2.233327599876027580e+00,-1.298578592283921918e+00,4.642003400993734985e-01
-2.225524906782756496e+00,8.418115002966005678e-01,-1.975276263285214107e+00
-1.302123996330657452e+00,-5.389254855440356318e-01,-1.674474347305746846e+00
1.300523839957880234e+00,1.502624495613238187e+00,-7.831966116275121959e-01
-5.013111305924351502e-01,3.375671793020975087e-01,-1.199556478150937355e+00
1.327736465532284971e+00,1.556593875466943944e-01,-9.601613075705055511e-01
6.976358935963928865e-01,-7.509560916186317492e-01,1.430486362082015628e+00
-1.491056679166969268e+00,1.073005848579801524e+00,5.012481106085533433e-01
-6.995513162430313514e-01,-1.409877649755218565e+00,-1.208653211374918435e+00
1.366251624266535902e+00,-4.763432165410559915e-01,1.580617072373418086e+00
-1.130321436653980882e+00,1.823685868286477052e-01,-6.423184610667076466e-01
-1.202608406939490449e+00,1.396158887714197494e+00,7.761151691123291396e-01
1.087575242037269296e+00,1.349755737051210103e+00,1.464308448951118224e+00
1.005930055458040595e+00,1.202572533620864359e+00,1.115593791616965813e+00
1.471021829064650399e+00,-2.139327181283384727e-02,2.446699106304253135e-01
-1.801713502596343552e+00,5.278055472739254794e-01,-1.860753412174211086e+00
-2.090548671631008659e+00,1.375873635606748913e+00,-1.093123029644678113e-01
1.668222505732439132e+00,2.232683091991420898e-01,5.529486320562684298e-01
-5.408532143067926734e-01,-5.583548170913813502e-01,1.476183783561823004e+00
2.099818694554288712e+00,4.608585178278592348e-02,1.573424556578615352e-01
-2.306054932106494704e+00,7.610450643213756416e-01,-4.048158609497567451e-01
-2.037588864458670823e+00,4.391431207233565392e-01,-1.407235182226850068e+00
-2.947147187040437544e+00,-1.022236664009197105e+00,-2.616158355793526624e+00
-4.962471437108729733e-01,-2.304788506526933844e-01,1.513103045740020303e+00
-1.744315026748730180e+00,-2.175780676450265627e+00,2.612716458467488900e-01
6.637044514593726241e-02,-1.110476226966163438e+00,-2.874917554545036724e-01
4.997295941175979861e-01,-9.769613828944783140e-01,-2.184808652969295384e+00
-9.038132285252734599e-01,9.162733924354191650e-01,-4.819423735689140065e-01
1.169973220358558441e+00,-5.495533755844718149e-01,8.595571970344193513e-01
1.935296653916073639e+00,-6.460134848857412848e-01,3.577039877876697638e-02
-9.368008766428383982e-01,5.393324215523838117e-01,-1.182758014217160092e+00
1.136235407722041124e+00,7.516491442367210229e-01,-8.720190224253157041e-01
-1.294981726413618750e+00,-9.937276530069658609e-01,-1.101194841442783012e+00
1.122821554111142373e+00,2.543138584876765140e-01,6.410035046164923589e-01
-1.789862432354688337e+00,-1.548863484798774781e+00,1.370421836010884409e-01
7.909163970798387400e-01,-1.794201022587160743e+00,-6.647189348883477678e-01
-4.626133935511363982e-01,-4.852374740871449044e-01,1.477844340562611380e+00
1.143847397876843974e+00,1.003124049349370384e-01,2.075326506688845996e-03
8.623628819294992809e-01,3.535366556450871695e-02,8.998663903778223450e-01
2.996118706172189450e-01,2.625907975454218057e+00,-8.381124655645395549e-01
-2.873623866460723431e+00,-6.957050125071478908e-02,-1.598620998637867441e+00
-2.209292754892289157e+00,-1.152011297247518717e+00,-1.958636703594807127e-01
2.517032098604060630e-01,-1.456921375881547465e-01,-1.956148718685610577e+00
-1.302574890114160944e+00,-9.741944636505288635e-01,8.092099267081553915e-01
9.049558474429350019e-01,-1.338637459531026197e+00,-1.496790445025303562e+00
-8.338040845678287294e-01,1.378277357600160291e-01,1.293644426492616573e+00
9.427072050766035494e-01,-9.875519577071532051e-01,1.249824470664094633e+00
-1.133138504412680492e+00,-2.710381763960234003e-01,8.208200242479685160e-01
-1.245852120712360511e+00,-8.154775745665081566e-01,-1.016084634111965368e+00
1.454523749833051882e+00,4.943638815663346509e-01,-1.663696926995294367e+00
7.537332244486230071e-01,7.303844308366505556e-02,1.448768198817563357e+00
-6.327889977349934192e-01,5.652636718237985525e-01,-4.852111267802745598e-01
7.426798866669873656e-01,1.006334463754483766e+00,1.432565784353563965e+00
1.255401611852901000e+00,1.013155045847993346e-01,-1.626207538156754673e+00
-1.743161658997963936e+00,2.701417207796759090e-01,-1.477463947018400559e+00
9.603795173468324675e-01,1.438823220081324739e-01,1.407573288731865269e+00
8.131950723532246350e-01,1.012728350781240794e+00,8.267784303364225096e-01
2.295538876575337284e+00,-1.268700927876463380e+00,-3.288134577772091616e-01
-1.704668566266769103e+00,-5.544320070799597655e-01,3.756816757942641472e-01
1.390240873416854317e+00,-1.016263479346098508e+00,5.263669901529144379e-01
-1.188537790463098043e+00,-1.489256110703030878e+00,8.652851636876448538e-01
3.797526465665858053e-01,-4.893599900399650537e-01,-9.643994478128965486e-01
1.071121851953549475e+00,1.814579882137334677e+00,8.814965827703427070e-01
-1.868705240668673717e+00,2.092204810803162118e-01,1.407731222247377012e-01
-1.043811895990502281e+00,4.752096505592193210e-01,9.669909147266282368e-01
-1.207903386224414621e+00,-1.041054388115377316e+00,8.292568537755675706e-01
1.990185399153055368e+00,1.102601043198134345e+00,4.237562923488353839e-01
1.461818263149003982e-01,9.878003227815097542e-01,2.208736706541865935e+00
-2.395396710126256323e+00,-5.583946743060954621e-01,-2.320449037631984179e+00
4.960486310833527313e-01,-6.967349656086536669e-01,-2.187973950858794758e-01
1.309388114631039324e+00,1.828679387322789784e+00,-1.699598477026864840e+00
-4.090067902685713408e-01,-2.165162441675651528e-01,1.630158381919696975e+00
1.039112557700859529e+00,-1.552608281171180105e+00,-1.842063896849938098e-01
-1.182383940100826702e+00,7.435620590122756779e-01,7.743574739348535463e-01
-7.439192058093053728e-01,-1.287645197466621871e+00,-2.074118420263095786e+00
-1.180882763098095367e+00,1.718650315307256315e-01,-7.272202124263811296e-01
-9.103666794077305280e-01,1.545035916863947700e-01,1.007905795410226846e+00
1.007606623701897242e+00,5.828264997517933477e-01,1.264331537349390411e+00
-1.314160836614011618e+00,4.674384933676777321e-01,-1.469355207989395007e+00
9.381754766375276500e-01,-2.519902614679883635e-01,-1.117198699332805578e+00
6.653160140630915986e-01,-1.137343352060454643e-01,1.039211506320219414e+00
9.598858378328617436e-01,-4.599963401058229651e-02,5.290825188421727221e-01
6.233885759272206339e-01,6.925397536409900745e-01,-1.097461475117209373e+00
7.481256066757576706e-01,2.293316009312518222e-02,1.638190241631916955e+00
-1.439545162830867753e+00,-2.110354577317159475e-01,-9.764500085786909089e-01
-7.987009255809556230e-01,-2.836759010364782174e-01,-6.855877177466054295e-01
1.148911648894832771e+00,-8.900424690825036178e-01,2.212563698890083197e-01
1.163202873494304290e+00,-7.663019995938130657e-01,2.496791326151348578e-01
-1.564856485071983938e+00,-3.619706536546120068e-01,3.783218490734834294e-01
1.047702438817506909e+00,1.119262851622710775e+00,-6.575379869775010988e-01
-2.078217139458856444e+00,-2.757640871557358042e-01,-1.292457517290568347e-02
1.690120184061583153e+00,-2.435094851710560004e-01,2.271342667338984711e-01
7.455807705134678276e-01,-1.604598129057491995e+00,-1.871310315911004718e+00
1.471853236861362824e+00,-1.119358719556593051e+00,1.035752356610540659e+00
-9.782373131818914436e-01,3.303254008964480182e-01,-5.212196716222271542e-01
1.254668531707070489e+00,-2.759179159105247248e-01,1.098484286757412942e-01
1.362167296593049137e+00,1.342405699851282552e+00,-3.940460255840716464e-01
-8.849386094412878823e-01,1.792352519006577549e-01,-1.235654593620908459e+00
1.901504277454515890e+00,9.767392865483166542e-01,-4.771750177824418682e-01
-1.677872594845502885e+00,-7.638270688953985310e-01,3.411873702127942165e-01
-5.434752592631419965e-02,7.116160456145662616e-01,-5.736293241107942587e-01
-2.355516398755495899e+00,-5.911590001079406465e-01,-2.131077567772110548e+00
-2.725056305498708475e+00,-6.807413201697579686e-01,-2.441699831921095409e+00
-7.201691796852338623e-02,-7.263469672656316378e-01,2.053887113360560512e+00
3.521768481708473786e-01,9.984990347219149243e-01,2.397770394979552133e+00
1.190887375220758493e+00,-1.899262941000419980e-01,3.313557945331282450e-01
1.126649311336719306e+00,-3.199461474160817942e-01,8.410289996466957518e-01
1.055060714668327071e+00,8.840150894194679365e-01,7.560497799956410470e-01
1.607726205539866227e+00,-4.669714328243113610e-01,-1.162338177964831409e+00
-9.758363414071647979e-01,-6.189576257181805818e-01,-8.841458363399506970e-01
-6.160021165472794324e-01,1.474373282037392041e+00,-2.088841423565072075e-01
-1.755453587586367936e+00,1.778842069055172725e+00,-1.470481082780093818e+00
-2.788022505802245199e+00,1.029378861694988823e+00,-8.783641602404617110e-01
-3.277405903045326196e-01,1.171840920645353945e+00,-5.047593847543474510e-01
2.472839223008271858e-02,-5.941775811709195665e-01,-8.682923510022171332e-01
1.077355577852356250e+00,7.819281094151134814e-01,-1.943646520471985495e-01
-1.643853278177013433e+00,7.438068131339689026e-01,-1.337855672558407649e+00
5.960020572678292883e-01,-9.373694335636680863e-01,-1.154752235675390981e+00
-7.826818144838521008e-01,1.301932123609321978e+00,-9.301678742883940920e-01
1.365980024171813634e+00,-1.573690486139671940e-01,1.404742023292815389e-01
-2.224821716782336978e+00,-7.068239310191405389e-01,-1.571758810907277759e-01
5.297403325753831105e-01,-1.808544232870680668e+00,2.515201230753839390e+00
-2.719442324061212002e+00,-3.534271274037243948e-01,-1.676171458246176638e+00
-1.672235081259223044e+00,9.422502314428379266e-01,-1.737643302008089252e+00
-8.764979489445422489e-01,-1.407847280389790678e-01,1.239850459544612704e+00
-1.981894940642174641e+00,-7.413278759732091494e-01,-1.552322176438381884e+00
9.744807174912250014e-01,-4.832906995959186935e-01,1.651675387228226155e+00
4.057312581407293006e-01,7.131708258832848701e-02,-1.454003327635373655e+00
1.461485610186352480e+00,3.272440117900660139e-01,-5.583123686837677679e-01
1.467916127789359315e-02,-2.178945048600261225e-01,-4.725547374687257829e-01
-2.039181373932949626e+00,1.025408257166277315e-01,-6.034675784274479149e-02
-1.473175817112120534e+00,4.874770631489960815e-01,5.720712336021051003e-01
7.453133016314543724e-01,-5.980707831285236864e-02,8.867239537730005061e-01
8.396980641312234983e-01,-1.304800931653330665e+00,7.820460947986789257e-01
-3.283783882104026386e+00,1.647090403815263615e+00,-1.281112343776098061e+00
1.386288561554444243e+00,3.703897701948502541e-01,-1.094463187411527150e+00
-3.547501887139998811e-01,6.955785789630101190e-01,1.775995891304888330e+00
1.064105357937520147e+00,6.404529012819252243e-01,-3.687607668510883840e-02
1.401393626822205363e+00,4.451342478155759785e-01,-1.424111219095565151e-01
1.023077093325388987e+00,-6.073794639021253827e-01,-3.040671786056370340e-01
-3.666131542984447211e+00,-1.520689154684377709e+00,-3.359522654828848154e+00
6.374851938218788483e-01,2.716640621159216451e-01,-2.041642135961046822e+00
-2.189797960144048705e+00,-1.209836735145394915e+00,-1.573860895021062190e+00
-1.351932936447591826e+00,1.884521205871134031e+00,-1.194772807260132019e+00
1.229238745468944405e+00,5.314935350874346875e-01,4.456522612875835065e-02
-2.734605563044476551e+00,-4.408162477429299342e-01,-2.288593233917875391e+00
9.707288454689132484e-01,-1.181963100687407398e+00,1.398417842786441545e+00
-3.452006395217271928e-01,-6.279478096658848152e-01,-3.954029389382079929e-01
1.507447124529228688e-01,-5.486096333182658435e-01,2.225394665929947724e+00
1.223366303663447008e+00,-1.422275698993657467e-01,1.324727279569477112e+00
-8.215081796830235872e-01,1.373220910034401054e+00,-1.160829449689225079e+00
-1.226751555921327785e+00,9.787617983837065827e-01,8.114250534090685640e-01
5.000104176860531435e-01,-2.547711897142800885e-01,-9.918870707237300577e-01
-1.119666063661850064e+00,-6.516933180660351432e-01,8.238362446270768302e-01
1.188191042441038903e+00,-8.847634208540122724e-01,6.124074112141182358e-01
-1.850090949569478838e+00,8.380928705304876436e-01,-1.347052411647804426e+00
-4.306342237121170147e-01,1.947741440433481186e+00,1.638937941712508284e+00
-3.876754959615020812e-01,-2.739567849356120410e-01,-7.719323203188712679e-01
1.020954222459631078e+00,1.932276867946030929e+00,1.055380023083412278e+00
6.272918621775127601e-01,1.136297337299096988e+00,3.188713066250965511e-01
6.250793271311069210e-01,9.398647453576427502e-01,2.740189132425337792e+00
7.689021876907862207e-01,1.134520595220658290e+00,2.100835262810407222e+00
1.256037163328284745e+00,-1.148908223892668667e+00,1.451559370423443074e+00
-2.639056773381144971e+00,-1.281494291225405480e+00,-2.264775451767284231e+00
-1.486734687669333255e+00,-5.287101655122862232e-01,-1.125311179826246955e+00
6.588651284845403744e-01,-6.863423384695795937e-01,1.952795635192283719e-02
4.213207108871566131e-01,1.451307804373706656e+00,2.190513329176005275e+00
-2.132947587685997348e+00,2.945578607111857261e-01,-2.000424594111223087e-01
9.363240996412851569e-01,4.240485598953931401e-01,-8.409470095170901160e-03
1.043444116997410909e+00,-2.659335936293327318e+00,-9.777588614122492139e-01
5.551155739438384806e-01,2.436127955140523216e-01,-2.139851320943769064e+00
-4.114800428870548643e-01,-8.921402023028728312e-01,1.608605671527578274e+00
-1.646871926676957809e+00,8.173401524403913765e-01,-1.505546219723302936e+00
-7.118595884147846942e-01,-1.037873376184034746e-01,-1.271681059826093474e+00
1.307580595203355234e+00,5.472319907143470552e-02,-3.311342072048112373e-01
-1.282155092743557212e+00,-3.431875489716563338e-03,6.066208055808028909e-01
1.143171326662673959e+00,-1.502899896435592408e+00,-8.264730871357793829e-01
-1.832238937492757458e+00,1.433068828113619020e+00,-1.578420033019558577e+00
2.464709214472728949e-01,3.515496707265425985e-02,-3.629557305724896432e-01
-7.531321689186054602e-01,-8.497990880247930923e-01,1.348059240126190605e+00
1.144591757671879151e+00,-9.299473973409812244e-02,-4.286383545402505657e-01
2.737927351714924962e-01,-8.389003993671353410e-01,-6.696795014757850328e-01
-3.679010200557561117e+00,1.402138510612974398e-01,-1.701554287451343406e+00
-2.238453483568819458e+00,-7.846528075687190240e-01,-2.562307936602277181e-01
-9.087643282162118918e-01,-5.537235908102265958e-01,-8.016345300145142350e-01
-2.162054453135078269e+00,4.881491301271858596e-01,-1.801571388580491817e-01
-2.111028246333483516e+00,2.811757664190483660e-02,-1.084378920366337873e-01
8.181022949077941808e-01,-8.837359431815861033e-01,1.301944512775842000e+00
1.106075797662900762e+00,6.161601678492871492e-02,1.510315036279676892e+00
1.043376201035617790e+00,4.304434224840403278e-01,-1.317801133835683203e+00
-1.669292101327243039e+00,-6.060619679680758765e-01,2.373126322918028830e-01
8.534633281781485170e-01,-4.602079384553419694e-01,-2.594654382215130228e-01
-1.873699113423971330e+00,-2.861809610427775152e-01,-1.374453531611889101e+00
-1.261558405967350138e+00,-1.514052738960713351e-01,-7.739596748428920758e-01
2.872463974734333902e-01,3.910653824171711479e-01,-7.376862956314437225e-01
9.148733541471187891e-01,-9.718719044016390640e-01,9.017410837082274755e-01
7.295418618753781725e-01,-4.369398991536434518e-01,-1.690678889870059542e+00
1.481939398478277825e+00,-8.345730478101049954e-01,-2.215891686670306004e-01
4.447105803178132977e-01,1.248361296528495368e+00,3.294650422870402107e-01
8.600515713819143482e-01,4.915785825655672459e-01,-1.633955501682126332e+00
-3.402560829291860767e-01,1.493514133898643959e+00,1.727205795549672018e+00
6.575610326085838953e-01,-5.219101634188699768e-01,1.652786315279848761e+00
-1.592928412655197246e+00,-8.810861352240442756e-02,-1.737925695899375844e+00
-3.082699106074349604e+00,1.003520920160821506e+00,-2.045707220693968154e+00
-1.368286776647195113e+00,3.560784988646651383e-01,5.906853219483503281e-01
-3.317094434697809291e-01,2.610795494209871559e-01,3.113542183715172218e-01
-1.672817987533354867e+00,4.510543788301383250e-01,-1.510203141296940998e+00
9.602607934562835679e-01,-1.317032243103974098e-01,5.216550818524162692e-01
-2.455106481434999210e+00,-8.931235442958354032e-01,-2.485279614553205008e+00
8.577445491817965451e-01,-3.762461892760727289e-01,1.164068126178065876e+00
-9.405343750500336775e-01,-1.135592316564979720e+00,-8.988218482836565215e-01
1.140811656511413252e+00,7.755662823442602827e-01,1.104534685348711243e+00
1.395248216337640290e+00,2.097205242726672692e-01,2.612217432123042915e-02
-1.288967082509387296e+00,1.117918071618628328e+00,6.597436478443146068e-01
-8.332553261699185976e-01,-2.577882154511172419e-01,1.207773392571611204e+00
-1.330940474707609233e-01,7.472285138370956536e-01,-3.667890442918217975e-01
1.087373033052608573e+00,1.261166645721810031e+00,-3.599731076159088383e-01
-3.113386654422125588e-01,-1.605606308295811357e-01,1.658405243956506903e+00
7.442871238497692499e-01,1.231482013008863730e+00,2.307566144137389585e+00
-1.365505935782735492e+00,-6.849837592985493773e-01,6.350525249672425154e-01
1.127462895217970829e+00,6.108868493465173799e-01,6.681066719090520412e-01
1.001989843173297201e+00,3.338734137832004567e-01,8.781793360833028972e-01
9.984937423979721727e-01,-4.984761018217734874e-01,-7.147773173973976935e-01
-1.569831930623138971e+00,-2.540150324092642631e-01,-1.141922385175229149e+00
-1.249635682796246705e+00,-6.190628393986670197e-01,-1.188748549097280449e+00
3.211320598231808265e-01,1.298319563269287658e+00,-1.206472598713863142e+00
1.294058783180443539e+00,-7.088787706780093345e-02,-1.111991578778609213e+00
8.569796175175319330e-01,-4.630252550289232216e-01,1.881070679561218872e+00
1.531883461287764092e-02,5.796449695484060527e-01,-4.230587698101389016e-01
7.022516555487481327e-01,-1.694598079922864819e+00,-1.607153582515795875e+00
1.914027621916250421e+00,6.900292945575299264e-01,5.108451813308105827e-01
1.832620288960136845e+00,8.645510668688365374e-01,-6.193933969263420991e-01
-1.647592549587522548e+00,1.840919616238513301e+00,-1.862297443109804274e+00
-6.800846235539067530e-01,1.110471320858830602e+00,1.292032042720177243e+00
7.721362909295793608e-01,-4.650347704461760268e-01,2.005959847240355920e+00
9.655204126270731102e-01,-9.800746346325767133e-01,1.749382887761757654e+00
1.161414194009532830e+00,2.155542975691544960e+00,-1.025259421769747936e+00
8.930733915466759765e-01,5.587913912496086377e-01,-2.143003527075196146e+00
-8.906450110922414787e-01,1.122221995605473976e+00,1.124722463065279010e+00
2.741147961964662816e-01,-6.785979515070054147e-01,2.406190372408225198e+00
1.967182229904221646e+00,-1.024906386494695898e+00,-2.157330961744490239e-01
1.410364374124688069e+00,2.258780136739560795e+00,-7.521053434862349230e-01
7.882441633118019153e-01,-1.634094271837035039e+00,-1.408019635832855165e+00
-7.428973945263388501e-01,-5.559472544906138847e-01,1.292121716777108187e+00
-1.150458786418173451e+00,-4.069226372236469103e-01,8.994912366104594881e-01
1.156964525045830028e+00,1.355314879981384113e+00,-1.721953730581801567e+00
-3.892562155226640286e+00,1.994682486690278811e+00,-3.074387322707595072e+00
-7.001535197268067279e-01,2.641200109775269089e-01,1.285765011426964310e+00
2.292680145921013324e-01,-8.220597158820873718e-01,-1.554858699817601941e+00
1.065988921185333282e+00,7.243478273070584894e-01,-2.056930867982880162e-01
-1.954769928523513167e-01,3.404055200073235476e-01,-7.446204380880303564e-01
4.035283908374838191e-01,-7.081949136760045116e-01,-2.439902086379412971e-01
1.377551777430173541e+00,7.756523497413618795e-01,-2.116041195308029366e-01
-1.161336529924072547e+00,-1.219111172918526886e+00,-1.644614250216922313e+00
-4.970585548773444051e-01,5.789995987578290537e-02,1.477492141003131199e+00
9.303346913045131839e-01,-5.257751152952434559e-01,1.307080765204779338e+00
2.204132760929963242e-01,5.412211551125761799e-01,-1.613391772141212321e+00
1.462738119213565779e+00,8.168353598689594985e-01,-9.695901345422421880e-01
-2.981308759167001776e-01,3.381221032052491582e-01,1.714943396574809986e+00
5.165237144790575385e-01,-3.141159100077273725e-01,1.854333701742112428e-01
-9.718852366807897436e-01,-2.944621145392751327e+00,1.175984440556498756e+00
6.161412246964661499e-01,1.460972801728812831e+00,-1.037410874096962754e+00
-8.164403939410334043e-01,-5.339484860713487047e-01,-6.307732971564441460e-01
8.763204656569691942e-01,1.750588730506323465e+00,1.426377604776696284e+00
-9.577483025000571581e-01,-1.473529252755228780e-01,-5.826633801324849760e-01
9.052799559300396259e-01,-1.340826875671403788e-02,1.283819735768553461e+00
-3.483356731936715356e-01,2.415484673258723458e-01,1.726750935375187757e+00
-9.425998180214811839e-02,8.888759590965748802e-02,-5.645065470059571489e-01
2.237266658442096379e-01,1.973215029443625923e+00,2.275865564393105167e+00
-1.900116766348255659e+00,-4.631015552338389740e-02,-1.230071762591659734e+00
-1.998913288601886551e+00,-1.043194292480532859e+00,-1.998251199504157416e+00
9.577604404280912753e-01,-5.364272416394080256e-01,-6.060467078354259129e-02
1.120922474270943825e+00,1.451726675437108038e-01,-1.399961813041264325e+00
-4.164205874725006584e-01,-2.321591456064794612e-01,1.517414071105173567e+00
9.250845198530285307e-01,4.227464186869853702e-01,-6.793199317287865746e-01
9.355748081691120932e-01,-9.459857142485321724e-01,1.748455944292655939e+00
6.795187213296045581e-01,-2.116394181816956710e+00,2.008300780569598487e+00
8.461517743656559176e-01,-2.895789060414872274e-01,2.864564627625967752e+00
-2.244213249468226756e+00,6.596647352098825023e-02,-2.790258934294040927e-01
7.074508212190537826e-01,-2.712178068000539732e-01,-1.187554073915679576e+00
1.109172363752773505e+00,-1.633192610710027415e+00,3.827354355263118402e-01
1.043622395101304612e+00,3.630028353168535671e-01,1.328374375562184850e+00
-9.061873057649935115e-01,-9.337942610892508988e-01,-3.917933097811420184e-01
2.840864180917297421e-01,-9.895499399483606018e-01,1.773724634708579995e-01
-1.635770621297839789e+00,5.964780936213793794e-01,3.849166625168268796e-01
8.384432562579662296e-01,-2.493195418714816702e-01,-1.336626726186023850e+00
-5.541341801766550557e-01,1.532217168717731948e+00,1.553776616124119769e+00
