9.524851005335581711e-01,-5.976289837136701255e-01,-8.546306080068024613e-01
1.608882100945807636e-01,1.946373282883472999e+00,-1.974688462078290740e+00
-2.345403077968371441e+00,-2.191963840672988439e+00,6.787317639736463182e-01
-5.297127802222674209e-01,-4.807853861961830511e-02,6.242975176347995703e-01
-2.436549865236206536e+00,-1.507209046364995420e+00,5.638133911903577822e-01
1.324636549742756575e+00,9.377329537332710352e-01,1.675354531645157241e+00
2.367060857675696850e-01,6.474747693885545274e-01,4.554135767233651322e-01
-2.116823658677657427e+00,3.094738942487976541e+00,7.119610845141080002e-01
2.820195613301944348e+00,2.064638864038458088e+00,2.566928602198562448e+00
2.319303761893572791e+00,1.092023547319690868e+00,1.700332943375648664e+00
1.312519485398222718e+00,1.732398480023593645e+00,1.507875972160078959e+00
2.155798568579123664e-01,2.802054408193523471e+00,-1.791187749691800724e+00
6.870528654929735080e-01,-6.391484751882392512e-01,8.368183395326528329e-01
3.377519296979540453e+00,1.762362157306412991e+00,2.666352662983216604e+00
-1.050084722506471557e+00,1.061280098982436915e+00,1.239070888669265624e+00
-1.881549262989613336e+00,1.029414564488557726e+00,2.085362985820930604e+00
3.169914996462528389e+00,2.045591645904350386e+00,3.232724667544065067e+00
-6.022964101482858323e-01,-1.593165433291128252e-01,6.361860055964851934e-01
-1.461837397869004240e+00,-7.465096491542968504e-01,1.307830107634048833e+00
-2.139400732649090919e+00,-4.299969676867744228e-01,1.565041630412840057e+00
2.118574591737657720e+00,1.364521373999711962e+00,1.858532697309227544e+00
-1.554718834579717823e+00,7.592286508023825542e-01,-2.371232503413150949e-01
-1.451402454755116533e+00,1.612150588118457240e+00,1.572134382328671531e+00
-1.240397317979357927e+00,-9.197425470064979347e-01,-1.341150343317691007e+00
5.354692775785991898e-01,1.612113854572493121e+00,-3.231009844102920692e+00
-1.172455946583400577e+00,-3.847491351385290415e-01,1.974827019795009519e+00
-8.107375429642972309e-01,3.445239581028238796e-01,7.247155307097659094e-01
5.927213193265759017e-01,-5.380227680157809722e-01,-4.540916932684460061e-01
-8.938978751986870197e-01,-1.326312875491461707e+00,7.376830980278299421e-01
-6.844315416673472097e-01,3.940019583124299007e-01,-1.576896015711072963e+00
-1.225253402367112221e+00,2.768727505223337992e+00,1.002678625550273317e+00
-5.880863652239931572e-01,2.254545277069403220e+00,5.333314904507899801e-01
-2.211942516600071684e-01,3.192271236457837613e-01,2.419186258976463444e-01
-1.408527040644955708e+00,1.207234830310766727e+00,1.574740953620199502e+00
-1.952563087673366837e-01,9.521065912398185560e-02,1.465469016023938087e+00
5.390904013786772531e-01,1.008631859944937093e+00,7.665445632936295217e-01
-1.242554037771064435e+00,-2.707638819957573162e+00,-2.673621829580421494e-01
1.136799632864379017e+00,1.109237091972566702e+00,1.123136071960950888e+00
-2.018807032897762532e-02,1.262866621437220171e+00,-2.173951865289335039e+00
1.521292618639906724e-01,-8.756470876548466675e-01,1.498798757937135351e+00
-2.390062025332562179e-02,6.362179427387379960e-01,-2.120571320593711562e+00
-1.091176293491521010e+00,-6.927868815119133661e-01,-2.262498461890630530e+00
9.225644658995082459e-01,2.520576754887449145e-01,1.443486527784836992e+00
5.179016785349651597e-01,1.088885858280725261e+00,7.175720122452990957e-01
-3.385890145066721146e-01,5.510195092477481182e-01,2.061200799321184496e-01
-1.065318707572419310e+00,1.413874311827614028e+00,-1.169249390652462139e+00
4.952592003598488279e-01,2.575724225764899789e+00,-2.851768997009240802e+00
5.166853427094673101e-01,9.502219971008257771e-01,9.693966057176858220e-01
-8.481534710353375583e-01,1.670062427859075882e-01,-6.029609512640323743e-01
1.834991118702064217e+00,1.414672598641146806e+00,1.647107672061361772e+00
-9.337991285621838333e-01,8.243389546980235405e-01,7.649134251220350844e-01
-7.927087861074195718e-01,-9.473438602359078864e-01,-1.563033391626202029e+00
4.601581304535870665e+00,2.299732208124940058e+00,3.804375223645919402e+00
-1.892891996032854296e+00,1.400181364374593063e-01,2.180267928542918288e+00
-2.187695779576280142e+00,1.496391632129168592e+00,2.267489663316165860e+00
-1.996481208141961616e+00,1.497873175755445541e+00,2.287191716322885426e+00
-1.459838834006866204e+00,-6.936159119115367089e-01,1.539312648881407952e+00
-9.608115739124470922e-01,2.467405535223765600e-01,9.976830696647901453e-01
4.224096648457381420e+00,2.551852063697936046e+00,3.385867558349892725e+00
-1.245153760355782513e+00,7.625530311058872357e-01,1.046184870670903377e+00
-2.596092086314000902e+00,-2.474144138753263888e+00,-5.869547753558301828e-02
-2.353011517950362563e+00,2.809807311241761418e+00,2.521351663227001438e+00
-8.392771790990168901e-01,5.460819646076882083e-01,-2.056071279416237019e+00
3.799857069781880092e-01,5.199581669023627395e-01,-4.817876391286213256e-01
1.985595870049648104e+00,1.336584181171244667e+00,1.649728535042536137e+00
-2.979298508865755313e-01,-2.592141334560542631e-01,3.979438275536111291e-01
-1.087230213421580327e+00,1.715737771931623357e+00,-5.164475516062914107e-01
-1.042238310007940427e+00,-8.416875774741492400e-01,-1.132571678411290694e+00
-5.962772190632011915e-01,-2.755097248237678986e-01,8.742304676697190136e-01
6.751405932176843816e-01,-6.890551185585545024e-01,-6.730309942198182682e-01
-1.991157167305876996e-01,9.830823732293695327e-01,-2.690678833841201989e+00
3.351449109625586065e-01,1.011930887471562679e+00,8.037147763145523482e-01
-1.580489519013723587e+00,1.488706164488039496e+00,1.596155196418883149e+00
9.351835037662270533e-02,7.327177845455548066e-01,1.743923384854587644e-01
2.104246832667530320e+00,1.906545287674945355e+00,2.317513402566045322e+00
-1.569554175655706540e+00,5.050716442996552313e-01,-6.697905523011511431e-01
8.319413211136628128e-02,1.803896478298190331e+00,-1.803945163003259911e+00
-9.723228668152050780e-02,1.180028618351109060e+00,-2.037011331441266115e+00
-3.280202372131451050e-01,-1.517074577945642933e-02,1.850092393499682242e+00
1.115341006324618078e+00,7.075444112900473037e-01,6.530677182286629412e-01
-6.838056356098931587e-01,1.530100552298407912e+00,-6.177922188034815631e-01
-1.130868566453269830e+00,-1.750515333957356479e+00,-1.829887497284131026e+00
-1.170249295916371057e+00,9.861226234432601823e-01,-2.583292491694111348e-01
-3.348050432904196683e+00,2.812511685999803390e+00,3.386566539205499993e+00
-5.419223150587557658e-01,-1.458651226077346985e+00,6.322024610948429046e-01
1.348529627932730790e-01,1.895610021032029469e+00,-2.534843375564257428e+00
-1.688360536419931890e+00,-3.711869312010709354e-01,-1.083783128044724098e+00
-4.101565844379806869e+00,-2.342519196879440102e+00,4.586854635793718993e-01
-1.521334936218871725e+00,1.545606738639301092e+00,1.205079340502458685e+00
-9.992342498924196015e-01,1.897981742330800969e-03,-4.114125693269765627e-01
-1.511792079590393190e+00,2.273657298699533591e+00,3.284359237793623709e-01
-2.800257346137723147e+00,-5.096527141873916644e-01,1.015882042040837874e+00
-2.372246454848855990e+00,3.289622156861278679e+00,2.167233455237261630e+00
1.885180364166452405e+00,2.097387098185455656e+00,2.186827578517432258e+00
-1.987095171186188391e+00,1.466830215192708620e+00,1.983528308648763838e+00
1.129631307428175635e+00,2.337732108618772564e+00,-4.175385761189691181e+00
-4.526160419955012060e-01,9.448267691235396892e-01,5.879745383376216994e-01
-8.063586598897698465e-02,3.394471403891331507e-01,1.686019421644162630e-01
-8.150719267801176393e-01,1.112923899483344803e+00,-4.693891481174350400e-01
1.775932813924380405e+00,1.841538667561314124e+00,1.908184506287943671e+00
1.947439870063923939e+00,1.320650075749152830e+00,1.491481714580233708e+00
-9.662987495119556014e-01,-1.176725052569024488e+00,1.180930566205357302e+00
-1.289271513791111934e+00,-9.012565581271942960e-01,1.089840013789965312e+00
6.510423010656252174e-01,-6.343212861910592082e-01,1.022704061322270430e+00
-9.891872271733848088e-02,1.797249276363555026e-01,1.412264639000853972e+00
-8.652068617416190932e-01,1.461387334718927677e+00,6.861228838626736160e-01
3.298933672668229011e+00,2.105533456442485463e+00,2.757350271691127119e+00
-6.653038245017225405e-01,1.472210477170477816e+00,-1.236437581337085145e+00
-1.821500776234797003e+00,1.870564243140244276e+00,9.876513949709946338e-01
1.341904355841719632e+00,7.513102459033892400e-01,9.543484555908081646e-01
5.399865237701892973e-01,4.501086255245472234e-01,3.982849006357939148e-01
-1.003038261324479929e+00,4.790011427336747785e-01,1.224283665303983248e+00
6.899467330313757696e-02,5.430857916026725629e-01,3.470078866806473039e-01
-2.972197306311841203e+00,-2.332203185029442682e+00,3.362617294036457372e-01
-8.203024636792638491e-01,-3.033167684841315825e-01,-1.881176527552168798e+00
1.122124945484148650e-02,-2.654732510456205841e-01,-3.664294699572570035e-01
-2.033927614274686491e-01,-6.100574735122721304e-02,1.080187483455623321e+00
-2.034393000095427340e+00,3.022667402977559092e-01,-1.112152766003253745e-01
-2.462536691379586973e+00,2.043428953294017525e+00,2.355268680985472152e+00
-6.172291093495250180e-01,2.023694441822819989e+00,5.282726346202564205e-01
-2.036070035080210339e+00,-1.294265026590311507e+00,-5.265137014226258794e-01
-1.323981744667554583e+00,-1.679344519846130979e+00,6.957571656724172993e-01
-2.848014344213079418e+00,-2.510591229658610590e+00,3.396634524627631935e-01
-9.722821419320919478e-01,5.797732357131715197e-01,-3.060619980763565895e-01
-5.145258042309945878e-01,-9.785288901307354070e-01,8.282914769237235131e-01
-1.232718711953189050e+00,1.245381712118163398e+00,-5.194754063105022635e-02
-1.608370478801946390e+00,-1.700273917539462776e+00,6.596692950614587714e-01
2.980389917147108214e-01,6.130994369088484941e-01,3.921293578214223308e-01
-1.238403469015134206e+00,2.777511052058938557e-01,-1.095427361519582421e+00
-1.863176546729473637e+00,1.768295721997299008e+00,1.616855523219431490e+00
-1.540909189442706273e+00,-2.120475864707539237e+00,-6.777826163872457954e-02
-4.370951548987813684e-01,2.805871727076155508e+00,-7.416219608624587956e-01
-7.745362000985983597e-01,-1.544231742351388492e-01,1.769860789069659823e+00
-2.355622062392336069e+00,-1.129829471519039341e+00,1.234404767119857027e+00
-1.360708335703773253e+00,9.152452719210413257e-01,-9.719695603723510491e-02
-4.549718651229823774e-01,6.534730776348243175e-01,-2.257029290845819602e+00
-7.025425687779607298e-01,1.389074509905648513e+00,-1.188611702185911279e+00
-1.477273211921906526e+00,1.277598132801298636e-01,-1.086156019001266904e+00
-1.197975003837258523e+00,1.539360532362719081e+00,1.017973331639228984e+00
-1.199395289257818575e-01,1.955278420690197194e+00,-1.269161879099733659e+00
-1.231404786432351850e-01,2.485234011221593597e+00,-1.765462742028345300e+00
4.058917118799363344e-01,-5.065170382025847573e-01,1.344168137884879322e+00
1.114285115598638631e+00,7.935333981849548302e-01,8.802825827533704572e-01
1.694312344966671713e+00,1.998153659453939746e+00,2.163779645845089306e+00
-3.203690007172369514e-01,6.623871649879363721e-01,4.701201939337051883e-01
-7.395739148814606256e-01,1.965429651879252670e+00,-1.779732876936422015e+00
-2.601094061156346893e+00,-2.809914454435991971e+00,1.094661475183452692e-01
1.205430459718232150e+00,2.002172236235021607e+00,-4.210539623206440041e+00
-1.859007062415548805e+00,2.312946126699163329e+00,1.789303801941408256e+00
2.734909745684761084e+00,2.289680159882558463e+00,2.866365281023603995e+00
1.255291839093972239e+00,1.688094988288758369e+00,1.975992830493638497e+00
-1.934880131565823280e+00,7.035703172984579812e-01,2.088748324169944937e+00
1.740079600534516935e+00,1.100405029297052195e+00,1.396939622469869802e+00
-7.780210150256919865e-01,9.409163788205251455e-01,9.669481378006309358e-01
1.861352883295370741e-01,-4.605765671507386916e-01,1.195226198665736872e+00
-1.766992176283380456e+00,6.782115380608585431e-01,-4.380880839704828222e-01
-8.765268514008041079e-01,1.142606314672711010e+00,1.136507291295279387e+00
-2.215292063828960600e+00,-1.205790006538801418e+00,6.414335689493277926e-02
-4.611004213000315932e-01,1.140997032049255955e+00,3.236011759018802003e-01
-1.272230434522123366e+00,4.502247681601885265e-01,1.382713154817635015e+00
-2.049658999630456613e+00,2.018102820090932337e+00,2.066821644366259036e+00
-1.330197652765259253e-01,-5.747187591249414140e-02,-4.474854627932447482e-01
-3.744929135701573486e+00,-3.046949973592838479e+00,-1.885695158489699708e-01
-9.565000390624522897e-01,3.532421906587736027e-01,1.219196796215785250e+00
-9.166087420723454393e-01,2.171578899547959018e+00,-5.663083820183909545e-01
1.924813121653972559e+00,1.703681526539687852e+00,2.895656260664774884e+00
6.193855021964222995e-01,-1.865129028562734215e-01,1.232729906099825801e+00
1.535809441622720595e+00,8.412758076570610033e-01,1.085640661138899787e+00
1.963810106488899754e+00,1.375945446311807263e+00,1.737898175129362954e+00
-1.520424067634970067e+00,-2.416451928131167382e+00,-4.643262804466052884e-02
7.006322425660498343e-01,9.072927074259318214e-01,-6.728327947931289632e-01
-3.610292306461988510e-01,6.673826519417935810e-02,-2.596499171710944687e+00
-1.841507758923222049e-03,-3.251099475695690133e-01,1.511615489127676071e+00
2.786566782830279809e-01,-1.984329694678121925e-01,-3.538727329020330270e-01
3.656608956403910593e-01,2.575594532171333828e+00,-1.985394366280162970e+00
-1.663401728961906301e-01,1.196071938090899733e+00,-2.465171761479295842e+00
-2.832569868940950641e-01,2.005404533091337704e+00,-2.105420856426978737e+00
-9.370448621836600100e-01,-1.902864651113216343e+00,1.522503083827331238e-02
-8.435391408016268411e-02,-7.003418684808111472e-01,2.009620986923890129e-01
-1.625313849221685203e+00,1.923737224852534400e+00,1.639711790032767347e+00
-5.182783559981281041e-01,-1.439467366150238625e+00,6.127270985661059655e-01
-2.244439866592450539e+00,-6.855902406979266228e-01,1.643292647418396868e+00
2.721953236979384183e-01,3.270135122968947927e-01,-5.145914382954708266e-02
-1.317018207019181153e+00,-9.647762640289815339e-01,1.182725590650063996e+00
1.433852506371138702e+00,8.568175790955773197e-01,1.168927220618231066e+00
-1.265250325782625751e+00,-5.093972614998187876e-02,1.850043117238718171e+00
1.535025410148888270e+00,1.845745985889909457e+00,1.773680203628550389e+00
1.888031323829126862e-01,-8.556677312293581306e-01,-6.420110697508207842e-02
-1.641484878230147437e+00,-2.000022768434041254e+00,3.574368542146707517e-01
-4.987625533386087495e-01,-7.856854994041073681e-02,6.655804580508337676e-01
-1.824017398326385209e+00,-1.126869401266438420e+00,1.028475546690452491e+00
-1.725547865841352113e+00,1.141903877236533082e+00,9.639940986746462492e-01
-1.312003938522192437e+00,1.509261674623537441e+00,-2.486819562955239205e-01
-2.248626467560802311e+00,2.645036257705421168e+00,2.119873412261435774e+00
-8.640647531477199106e-01,-1.672216328090025961e-01,8.469013015995336957e-01
-3.298317174841278732e+00,-1.926086850429015396e+00,3.309958468130697051e-01
-1.520054715943594204e+00,2.236881795861223932e+00,1.318223247994341651e+00
-1.083198311060240115e+00,-7.000139191128760263e-01,1.364703985732553360e+00
-9.226789320645241155e-01,1.169462392416195540e+00,7.869535706539090292e-01
-2.490874422022982593e+00,-1.438958348738477833e+00,7.045182595558263650e-01
2.056217491688048238e-01,5.542632501201594231e-01,3.075545616391578418e-01
2.129676077028034298e-01,9.818546901279345818e-02,-1.296823528803137116e-02
-1.989515508258109300e+00,1.253014502064980107e+00,2.292725167565781597e+00
6.725663906357592925e-01,1.018390265489482749e+00,7.072423382235040190e-01
-7.964849690211099897e-01,4.878309637421209821e-01,1.022605841019955442e+00
-9.711258670878728516e-01,1.346686773533867232e-02,-7.610384105494980567e-01
2.475352803666335255e-01,7.684065050791690776e-01,-4.665613796987131412e-01
1.926752270144842960e+00,1.342594075784129259e+00,1.877206310965623182e+00
-1.612998635486796895e+00,1.713566925059685220e+00,1.649923931287684331e+00
-1.698388468766103276e+00,-5.737042748926992619e-01,1.506071017639896814e+00
-2.661138108020509874e-01,-2.051169868460982482e-01,1.777054362671897092e-01
1.183319069207886098e+00,5.195773019304856799e-01,1.818397143427715523e+00
-1.699684173400585641e+00,1.365593528074737328e+00,1.773513341251534925e+00
-2.023016885112939978e+00,-4.847940727277733064e-01,1.725659372828796556e+00
-1.182847743118228268e+00,1.982789675070089963e+00,-5.998242102172540724e-01
2.029239161605289610e-01,-4.989588416799687343e-01,1.045633786016898048e+00
-1.260503734977692636e+00,8.412774586120582709e-01,1.240788123054008985e+00
3.480807815368137881e+00,2.112251894381825146e+00,3.340538481958175154e+00
2.190531645588175813e+00,1.528515762677074008e+00,2.227572045637532305e+00
1.251262514669439385e+00,1.046664214579172469e+00,1.265606462040147262e+00
2.002871397210499449e-01,1.857521693452531153e+00,-2.545959362050846941e+00
-3.783386884542977668e+00,-9.362272825633021212e-01,1.120985652501981678e+00
-1.216894299376105826e+00,1.341028041290803996e+00,1.194303464002324233e+00
1.911827159547477839e+00,1.267142457553630308e+00,1.702239255416690966e+00
-7.934346846637180262e-01,7.583762929725349489e-01,8.291441377077987118e-01
8.980981136543806365e-01,6.067147932426264489e-02,-7.465437273198118895e-01
5.210266587946725814e-01,1.637065505353654249e-01,-4.877199894402615143e-01
-8.980401141545675259e-01,-1.013282818408092645e+00,-1.796790601470232840e+00
-3.085260227591412718e+00,-1.961349920329428453e+00,8.396692674695801495e-01
-1.809368295895154688e+00,1.307042714240971515e+00,2.086568989968454524e+00
-1.303522193756218694e+00,-2.001345305036617006e-02,-6.791678863112482478e-01
7.941744171051738910e-01,1.491610984624901493e-01,3.810796289852368401e-01
-5.851790909559656528e-01,2.385208643655366778e+00,-1.085942509491511831e+00
2.007732924567300792e+00,2.138509947438687497e+00,2.141040417156907516e+00
-1.158165151182622310e+00,7.011849909115259738e-01,-3.594208328553052390e-01
-2.088622052878180035e+00,2.135000544740145223e+00,1.941782855898566140e+00
-4.976708710154251758e-01,1.520501450593759740e-01,-2.676741503034678615e+00
-8.420847720924279356e-01,6.835150787637025438e-01,6.694425698730344099e-01
-1.434040905129353449e-01,8.120300770873889462e-03,2.015984974961931186e+00
-3.217138230231792129e+00,-1.961764209385988833e+00,4.693451903775212042e-01
-6.524195851531411350e-01,-2.103808301496512101e+00,3.552182563422461303e-01
-1.221035634875069498e+00,-1.092751279090495409e+00,1.216775746785923040e+00
1.491251101555285175e+00,1.172673346153403573e+00,1.301861193137840322e+00
1.698008335875430319e+00,1.496991283014248886e+00,1.942936189730896324e+00
-1.827405326981339062e+00,2.775123931681580558e+00,1.682455950978382297e+00
-1.857468902666918886e-01,8.404174069858978413e-01,2.931612080007295340e-01
-2.478208739025314911e-01,-3.836435503187757279e-01,1.198709289718814963e+00
-8.014225804930252828e-02,3.849084799670824397e-01,-2.851086744890265479e-01
-2.730344180156252243e-01,1.214852976775236071e+00,-2.006646714862353242e+00
-9.676985855474908860e-01,-5.287891672544930977e-02,8.229498288813695828e-01
-1.061600999925685906e-01,5.916290948893593304e-01,1.244714741779096023e-01
-1.598729909274485106e+00,-2.441067254692515398e+00,6.860510719348678066e-02
-2.502438434346840879e+00,2.210805897406275200e+00,2.778306969956397587e+00
7.840711956686081674e-01,-1.261159670529871768e+00,9.498407363076033505e-01
1.263381641953260637e+00,1.666613934064130165e+00,1.265653518891400209e+00
-1.046507173124773704e+00,1.638488868127917719e+00,-3.189855454761820752e-01
-1.381848998631683756e+00,8.931973112004713000e-01,-4.670846806777916305e-01
-6.625143070285496316e-01,1.364212814286546394e+00,-1.552383767360843603e+00
-8.080809832552693361e-01,-1.101643982668952804e+00,7.875001555625609218e-01
1.232618177224224842e+00,6.669428100570048423e-01,1.226397799103453590e+00
-3.228776163799174093e-01,-1.016893125617649440e+00,8.363437877816083388e-01
-6.487596590568134314e-02,8.444491128378790457e-01,2.762613225373559134e-01
5.703435248769344046e-01,1.458276427916667561e+00,-3.398114330084512691e+00
-3.276680370923802377e-01,-1.027194328942994783e+00,3.958962322174562898e-01
1.252061224719874577e+00,1.360951825953913286e+00,1.436962674811409935e+00
1.506027682760255892e+00,1.179571711841098658e+00,1.333206708371349691e+00
-1.262190795532018850e+00,6.906770589219112244e-01,-6.066329017310698735e-01
-1.293058623081765113e+00,1.064969270201687301e+00,1.346900172540197449e+00
1.267677852927034499e+00,8.465071801445587241e-01,9.476851085723380086e-01
2.905775500295511904e+00,1.996560972144624246e+00,2.727079837914972327e+00
4.237441875119882795e-01,1.739625227907379834e+00,-2.594637417754678932e+00
-2.514644146426950222e+00,-1.655414214359681502e+00,6.496360021472227242e-01
-9.109590366765758507e-01,9.161667068176563289e-01,9.646821689521549725e-01
-1.745639960378073452e+00,1.434186663302695175e+00,1.936234872029502618e+00
-3.938614107197668801e-02,-1.831319040981862489e-01,-3.802251741192272938e-01
-7.782333914766825789e-01,-1.828303305793535616e+00,2.980357502825354832e-01
1.038947385825113034e+00,5.983221830101290717e-01,1.287055591441828462e+00
-1.641715480931048576e+00,-1.021202056182196394e+00,1.124298571602011299e+00
-1.230229432936460920e+00,-1.128791013646030406e+00,1.272059336916367300e+00
4.580592964361460684e-01,-9.023278285786360264e-01,-6.952150417071873978e-01
-4.286753550013999714e-01,1.579125019054734569e-01,-7.294351908232188375e-01
-2.152824033429344031e+00,-7.708219253108561375e-02,7.647776996608193212e-01
-3.809735299590518709e-01,-1.148525342406117922e+00,6.748460695586750990e-01
-2.759880744956106913e-01,9.315167644971485972e-01,8.743106497093000584e-02
2.246700285461999957e-01,4.386469806139436933e-01,2.787443797226815123e-01
4.587227714627273301e-03,-5.663842021716711805e-01,-6.371889166825599471e-01
-2.800365532765344945e+00,3.348059909904031350e+00,2.651159667892592608e+00
1.818970741183900230e+00,6.898342705721607349e-01,1.991019535012750863e+00
-2.553698927411324426e+00,2.035726270987802344e+00,2.628454963567611991e+00
-2.417056563826885718e+00,2.744825846124510083e+00,2.424263117871224171e+00
3.249418878296009838e-01,3.664412512609080963e-01,1.564547316211801764e-01
-8.787893975570150173e-01,3.342197468974430485e-01,-1.621703358623070246e+00
-2.844565648374798084e+00,-1.870283972525242921e+00,6.711329023427652363e-01
-5.097044947754736377e-02,3.437276809109393039e-01,2.432939414047941007e-02
-1.315309878607682670e+00,6.462355821858474236e-01,1.315793738455474760e+00
1.211073919580551106e+00,1.146233203007420265e+00,1.213196900374436948e+00
-1.630437004869754292e+00,-1.200773509711046572e+00,9.216717210564051577e-01
-2.532766498586049853e-01,5.176873045571449561e-01,3.688431541654811907e-01
-2.237126583667738089e+00,4.273794883805400957e+00,1.932863515604131610e+00
-2.043864401389973162e-01,8.375507320663326816e-01,-2.002956554375864506e+00
-2.405993115179196451e+00,-3.306581782103112044e+00,-5.805793197301891695e-01
-1.039527725546388170e+00,1.087143621735858545e+00,8.159312722558846875e-01
3.630549925990537163e-01,6.506167716487386565e-01,3.709711537329924980e-01
1.612531082131269944e-01,1.388542683440552761e+00,-2.842628603270782151e+00
-1.504501916896788583e+00,2.169980417571236053e+00,1.415878907386893815e+00
-2.345478895624233839e+00,-5.059439033412811426e-01,-2.101246926934646764e-01
3.291620780287152215e-01,1.804748262400077463e+00,-2.728535856606693510e+00
2.218344368919049625e-01,1.641894754888650887e-02,-2.352516047886392681e-01
-9.735156856348325949e-02,2.531634453676905316e+00,-2.451581256852261248e+00
-2.190336388798908018e+00,1.343327953710014455e+00,2.144722471467161995e+00
-3.268577145815532603e+00,-3.122533257061182788e+00,-4.586160753286869785e-01
-8.821870771593293137e-01,8.569775492617099921e-01,1.022114793849403735e+00
-1.518362154223570570e+00,9.313305072744000324e-01,1.599813200813170688e+00
1.486162071661591533e+00,1.313145060470236603e+00,1.453193659321893927e+00
-1.834942623215307433e+00,2.014686830272175655e+00,1.787173347797519796e+00
-1.002589682806720450e+00,-1.724435992822384023e-01,-5.633579422392068770e-01
-1.027755770229661803e+00,5.701149988282746550e-01,1.267809439568455598e+00
-1.785546052906065828e+00,1.494767663994698292e+00,1.900583052993932709e+00
1.512058648872021571e+00,1.696708116314517234e+00,1.737671877879880311e+00
-1.679545481689383113e+00,-1.440246578713114456e+00,1.236388932876866242e+00
-6.691493921510065501e-01,3.557737358334696065e-01,-2.783355748480020875e-01
-2.410362418520990424e+00,2.586087305908368883e+00,2.428119720462589282e+00
-1.114372765014868039e+00,3.540794118766042997e-01,1.178464391950811319e+00
-2.529364547433888610e+00,-2.628225351491430217e+00,1.960491641121501205e-01
-4.392654271807407973e-01,1.312197972650737787e+00,4.685570615166176900e-01
-3.985752295047758631e-01,1.585787076022626696e+00,-1.251807524926339177e+00
-3.087492669925714139e+00,-6.781184626533647286e-01,1.410193138555113190e+00
-1.372339332142543666e+00,-9.789463932001253310e-01,1.237807923874599147e+00
1.106254197322399824e+00,7.171846486106878693e-01,7.676476914789573947e-01
-1.547033732552793417e+00,2.932549489696634204e+00,1.902352533441746818e-01
-6.657003251502294772e-01,1.257150721741115973e+00,9.356769980940327081e-01
-6.047337317056706851e-01,1.012579316752972636e+00,-1.573010298385066896e+00
9.203107745099434744e-01,-5.639968169874360893e-01,-1.020250044228833364e+00
5.482796009615520383e-02,-1.495846521528235051e+00,2.820100579608021407e-01
-4.771935295819796918e-01,4.028269236595827252e-01,4.140449540743771362e-01
-1.687070337909715612e+00,1.804788288614122216e+00,1.697761480477418594e+00
2.650309247866774465e-01,-1.463666737036144472e-01,1.389742274271321687e-01
-2.799529841722333545e-01,8.739702914877203188e-01,2.909826166301966444e-01
2.612790515412150683e+00,1.734286444198669397e+00,2.117797466576774479e+00
-1.158925126106558290e+00,6.660471001007521874e-01,-8.897408316082738855e-01
-8.387479629796228409e-01,-2.978169825005605453e-02,1.779786286921874572e+00
-2.202125842275612921e+00,1.685990327430500813e+00,2.068673629144894832e+00
-6.991874080778157641e-01,5.854514413945544060e-02,-4.964677377062272079e-01
-8.477303079359034266e-01,1.456324248960159995e+00,5.638763422112049728e-01
1.600560474359441709e+00,-8.924178455733966508e-02,1.192516056398145619e+00
-2.296888299912989595e+00,-1.520554586684531362e+00,-3.240556672507128866e-01
-1.014285254106473522e+00,8.290916747780430196e-01,-1.232949617414579979e+00
6.583346129950095049e-01,2.251770749325227028e-01,3.440405168256035484e-01
-3.016832390154752463e+00,-2.277838004765810442e+00,3.512941851180412245e-01
1.909289988945586547e+00,1.445691467095161942e+00,1.844531435358005123e+00
-1.556121389990213988e+00,-2.075422592750451045e+00,2.938868311185691695e-01
5.804237033145268621e-01,8.010869007015624099e-01,7.796612517891530203e-01
3.708086703537485374e-01,-2.290220540565478524e-01,1.360343667889070352e+00
5.158994314003795267e-01,8.299226478103298721e-01,5.300198132892837144e-01
-7.444506708739431211e-01,7.067174038992076746e-01,9.082670356443196535e-01
4.898192794928424298e-01,3.830602808529290915e-01,-1.075924073136738102e-01
-3.346878942703640503e-01,2.631251732746618943e-01,3.016694936581016950e-01
-3.043001265844590408e-01,3.598369310350297834e+00,-1.319180892950955197e+00
-1.816105946010598604e+00,4.858957540027559752e-01,-9.416487047498733887e-02
3.274490113376762324e-01,-5.895543970446439630e-01,-1.254000489523883211e-01
-1.047579821984360393e+00,-6.573729577874272145e-01,1.238592029232889358e+00
-1.660543783010667074e+00,2.510211673725687653e+00,1.303766524431710483e+00
-3.085823721946850728e+00,-3.365907770191893800e+00,-3.250589453505134951e-01
-7.621700272726049663e-01,2.380180184370548346e+00,-1.048823361055050141e+00
-4.642170003669053857e-01,-5.556577577095227483e-01,9.787833032168548053e-01
-2.233675544527350176e+00,2.644167506121620770e-01,4.608347117115552116e-01
-1.080593683120910864e+00,1.455165823397706948e+00,-7.950322065968107310e-01
1.316973001360068229e+00,1.111363862744883413e+00,1.152745044863068724e+00
1.650120485618048249e+00,9.724269365485970207e-01,1.360862304729853589e+00
-1.596645717800994291e+00,1.066368802738578037e+00,-2.586766373826676624e-01
-3.357383644773701548e-01,4.503759513082027377e-01,5.160753287741900452e-01
-2.962320564510222631e+00,-1.521952415274939741e-01,1.529264954476634131e+00
1.282505910474926569e+00,-4.948462089172209755e-01,-1.393018739808564277e+00
7.791314952596978261e-01,5.912908816393087630e-01,6.869408303326737242e-01
1.315428892519936444e+00,1.147100915022142509e+00,1.356821210936644651e+00
-4.195161568861756507e+00,-1.685592233998890022e+00,1.105525624364945392e+00
1.523236299133948535e+00,1.311055378394625270e+00,1.426133431146960673e+00
-2.410631968258002189e+00,-2.236972004812828985e+00,2.901387352002395836e-01
-1.402437564830881112e+00,2.747668129788429336e+00,6.379119140619140538e-01
2.207084214919848186e+00,1.491286343954418836e+00,2.087047045380084676e+00
-2.072689787118234150e+00,1.843400090842126637e-01,1.814010060281716630e+00
1.542602728063671602e+00,1.277650222228693622e+00,2.513355858427814837e+00
-1.242500495897176149e+00,1.054414031284177211e+00,1.135921555026843333e+00
-2.136942396767517405e+00,3.664926531652178410e-01,7.805033980808038230e-01
-1.351942371454071257e-01,2.332982424999702209e-01,-3.715135529607598297e-01
-7.278034997624098779e-01,-4.143632835082488031e-01,1.336682391424177441e+00
-1.459504986565759665e+00,-1.159705734787423781e+00,1.517478275960418177e+00
-7.537453305216280652e-01,1.045294081940691511e+00,-1.119601040017420335e+00
3.297607226971958294e+00,2.600357062297621091e+00,3.319423830936001352e+00
-2.141557874473092316e-01,-1.754901853819077928e+00,3.024658437136096278e-02
3.227195313671108456e-01,1.247240910060591901e-01,-2.395531156796832928e-01
2.182812879263567041e-01,6.902279997063505146e-01,-3.214846595638003457e-01
-2.733991630610529633e+00,2.929987244751010023e-01,1.586505325669681277e+00
-6.620105777444205142e-01,2.702579518746635046e-01,8.665297126179822840e-01
-4.511731980143328435e+00,-3.128361382937066892e+00,3.458344912205709720e-01
-1.626078552737294292e+00,-8.108092778411502000e-01,-7.652618118772568367e-01
3.272284920929720009e-01,-4.507012528371621141e-01,9.254754576492083551e-01
-4.214933496153904224e-01,5.587039587856696965e-01,3.728855703949975897e-01
-3.091506652184730974e+00,2.918914042599843217e+00,3.129772742398263308e+00
9.751996928884828497e-01,1.069827505034012693e+00,1.044649081908758825e+00
-7.160985573893106082e-01,-7.079173097311914908e-01,1.194868037868236810e+00
-1.337244252422079560e-01,2.135813562396090326e+00,-1.738516294795567685e+00
8.363182304732574845e-02,-4.351558863809268374e-02,-3.621830801671190869e-01
-5.170646997808072687e-01,-1.926962659495225605e+00,2.063199863830470493e-01
-6.159645256120802603e-01,-7.781869363966238407e-01,7.080699431294403823e-01
-2.057965048152775367e+00,-8.297571701974078007e-01,1.490633909140859803e+00
1.557752764368169895e-02,7.451704040087441250e-01,6.794420521392020573e-01
2.283194739898121384e+00,2.013330528951459808e+00,2.364609155603718982e+00
6.390429032830509115e-01,6.780895054120641419e-01,4.429117253812722144e-01
-7.982342232850578867e-01,3.790264713050737200e-01,9.766553244597772077e-01
-6.348780094648505123e-01,-3.329118168635272212e-01,7.640606500735683815e-01
-1.491713711511463591e+00,-1.376935172683278807e+00,7.387764207399774019e-01
1.699897080207454447e+00,1.086518213300348812e+00,1.500018747007284325e+00
8.114628487785089384e-01,1.225805574953463539e+00,9.517533770979318408e-01
-1.305308568729476981e+00,2.663810271727873769e+00,1.058346927580098518e+00
-8.439250900060488725e-01,1.319448972994841984e+00,6.718627459720387662e-01
-1.930184325178432303e+00,-1.427843683555236387e+00,8.942360242283290406e-01
-1.279499644736457054e+00,1.085360603906933230e+00,1.203224011721616415e+00
-1.317844292431746833e+00,4.131672735457070367e-02,1.243047876653722739e+00
1.463118352010100542e+00,1.453811458076291085e+00,1.601442391570962798e+00
-6.764505267017905110e-01,-1.170531445801044512e+00,7.902049420557651915e-01
-2.619857236302674863e+00,-1.052586866237317453e+00,7.028551319632829752e-01
3.882118848035731595e-02,-3.874086802187441947e-01,1.944215308135665010e-01
-2.758701519168293981e-01,6.928543907004885982e-01,2.841350265305946365e-01
4.499686680981707099e-01,1.766244412862966850e+00,-6.194233025788347113e-01
-2.138696540481654473e+00,1.375487892837918391e+00,2.428981694941263036e+00
-2.309724811784012566e+00,-1.145117256905128222e+00,5.620238884383405020e-01
-7.749141793678997470e-01,2.023530730351503326e+00,-7.893535492603519499e-01
-2.045758399905342806e+00,-7.089385481719381321e-01,1.769694150670499955e-01
-1.258666535141512499e+00,2.381551983892657098e+00,2.809212841239716596e-01
-1.564019061007423383e+00,1.881480105087867782e+00,5.240492795808258109e-01
-6.846317481560670881e-01,5.443400699723150993e-01,-1.750773625309488324e+00
5.992744990669433003e-01,8.871584488359109955e-01,1.015636397196672647e+00
-2.578130418089373155e+00,-1.902060109654613473e+00,1.002667577140026411e+00
-1.924589459476708120e+00,-8.149809467583890576e-01,-8.135875836136836625e-01
-1.639494712458127612e+00,1.745573695208498588e+00,1.716581033847226712e+00
3.248711963347213905e-01,1.171326052302609444e+00,8.944779113429381923e-01
-2.411403879949319151e+00,1.734198794817545242e-01,4.697401425530971508e-01
3.057890292745983896e-01,-1.200105957718415439e+00,4.143107374106727026e-01
8.781818846748873364e-01,1.442896969953077591e+00,1.052253890888933618e+00
5.917398165724957471e-01,7.119874011472286934e-01,7.965317333650903109e-01
3.971050893616417277e+00,2.340369552845660284e+00,3.413876509005894011e+00
1.455237985437869641e+00,1.512916806488855848e+00,1.606966308912058938e+00
-4.152731102554870768e-01,-7.146761304857468522e-01,1.185853710420680329e+00
-4.811527672338297146e-01,1.503480064112088233e-01,1.433347495864154997e+00
1.148552857204255595e+00,1.611165654432475725e+00,1.340541989275487067e+00
-1.971186035636393941e+00,-2.595056851889964378e+00,2.961779494663919765e-01
-1.285382362262732281e+00,9.403024222609154270e-01,1.466367035754245762e+00
5.703619758013867003e-01,6.404302877372446412e-01,6.291248958792532431e-01
4.328987162267767808e-01,8.552947109543579396e-01,7.652078654283175352e-01
9.871229113474844219e-02,-9.995873002619031222e-01,7.018614112689069984e-02
7.981286647882219754e-01,1.019227829581998757e+00,7.839412032938586350e-01
2.072362597979180432e-01,2.077070043169699787e+00,-2.490224145464706940e+00
2.599879528394659634e-01,1.401170656586204766e+00,-2.523574438424020627e+00
-1.758235779976715651e+00,1.293320958497672812e+00,1.733179571362311489e+00
-1.474887139816218662e+00,2.863772217571016743e+00,4.744545310202707977e-01
1.220745259474744771e+00,8.468890207228898515e-01,1.687384260249261914e+00
-3.223206007160388520e-01,2.876408234408857068e-01,5.376546078955934949e-02
-1.377237213297911378e+00,1.978125285383946164e+00,1.367854149638710215e+00
-9.151958038582672650e-01,4.777004417588974761e-01,-4.368318114667755214e-01
-1.962101004690335326e-01,4.996311745769006496e-01,6.033428911450999799e-02
-1.145236259395099543e+00,-9.153950714771699193e-01,-1.738007412300277110e+00
3.450090582478823054e-01,6.422540558762726004e-01,3.716032442258769830e-01
2.224620948992460434e+00,1.965519067152568633e+00,2.299745325220716285e+00
-1.507971926419946040e+00,-7.765432555106162038e-01,-7.697731170618455909e-01
-1.342855187820779284e+00,-1.817662411145007706e+00,3.715461594407060142e-01
-9.513040548136637575e-01,2.405839436908361328e-01,-2.695839868055665001e-01
-8.483107505576075180e-01,9.317352322052413482e-01,7.823246007535720192e-01
-1.054457732100499978e-02,-1.517033726874200683e+00,7.688125873409301647e-01
-3.013106310135090782e-01,1.250003824669362107e+00,2.576352472280946770e+00
-1.492159524819116623e+00,2.276206066948165851e+00,1.266849876463441493e+00
1.853625979335587148e+00,1.537584644514847554e+00,1.812794819157112158e+00
-6.227880899125061154e-01,-7.757357491654133241e-01,-2.513777761375047604e+00
-8.498578239146581392e-01,7.370857241714297015e-01,8.391943894941201743e-01
4.317016369842496815e-02,2.177955632050421197e+00,-1.776243537763747327e+00
-2.612195266502726376e+00,-7.054682661077185113e-01,1.485956995001459724e+00
1.249621658756879805e-01,1.189781199938497291e+00,9.006324906373377459e-01
4.051692704181688587e-01,1.790595261329998689e+00,-2.822105903491480383e+00
1.876947938393890736e+00,9.624516092657448008e-01,1.528064248626117116e+00
-1.775648130090514254e+00,-1.820996335330131721e+00,-1.234582978152680255e+00
-2.576161538788379612e-02,1.505729874932809409e+00,-2.653831564256837972e+00
8.775862810076080489e-01,6.596982567320923696e-01,5.027458692932520457e-01
-1.492352810161909904e+00,-2.362576774410851677e-01,-1.157121822058842842e+00
-1.160217215850707140e+00,3.955221236574828492e-01,1.893448245777738403e+00
-1.281662346301057021e+00,2.367729616839573836e+00,1.091772176545389383e+00
-6.624405574403700037e-01,1.315996212831745726e+00,2.512201306814617618e-01
-4.757308382120627455e-01,8.571432790997729478e-01,-2.119612513806732768e+00
-1.081508561480094777e+00,6.369108260285627487e-01,-9.172423835785324941e-01
-1.351450667935760075e+00,-1.327645100045375282e+00,8.130999166082996110e-01
-1.447650279289601993e+00,8.000830964403182755e-01,1.543761776262490226e+00
-1.223981120821933777e+00,2.909838615575130572e+00,-5.406806585493806327e-02
1.909145655677931153e+00,1.994901026857947901e+00,2.279211880284599534e+00
-3.982841654107533991e-01,1.204401021074596567e+00,-2.140046226834991572e+00
-1.677661827579356890e+00,-1.435943053046508933e-01,1.352789556923241765e-01
-9.920835862286137008e-01,1.214677052575053207e+00,-1.843325884746741750e+00
2.567897696573753663e+00,2.528903488898786467e+00,3.092499960090795863e+00
-1.421738667121334343e+00,1.731571275946392374e+00,1.147812679879382181e+00
-9.695107418283632761e-01,9.603402244148181444e-01,1.214756466229944376e+00
-7.788929689233748954e-01,2.001536363593880097e+00,-1.105808279868550681e+00
1.845198429358208436e+00,4.923892110540262212e-01,1.186943993186341029e+00
1.778988021684602572e+00,8.539250701351672745e-01,1.938226793133226433e+00
-1.077635218311769449e+00,3.240601797702034048e-01,-1.259092128007185174e+00
-2.396087657100511414e+00,1.598571867287550186e+00,2.617612481880140063e+00
-5.610969203896298829e-01,-7.164427128889057084e-01,-2.348113884716657829e+00
-1.481400875953100993e+00,3.117552086667494393e-01,-1.075386187176741837e+00
-1.503382823759422227e+00,-4.713665530103559043e-01,-1.020737513251649187e+00
-3.317145912932807583e+00,-4.148872654140028260e+00,-5.287128299483043747e-01
-6.059428613683067733e-01,1.205454555744414069e-01,-2.567841016641216889e+00
-2.041498323818667915e-01,2.545003804879690357e+00,-1.565276398533256952e+00
-3.400553325008791594e-01,8.131994274122811284e-01,3.179813129359253532e-01
2.283252118255503227e+00,1.886820926321715719e+00,2.146211393083562680e+00
-1.594188941511522684e+00,3.679626999218400529e-01,-4.150202162727149036e-01
-1.472428429270499661e+00,-9.404378399272927957e-01,1.305282407926418031e+00
1.191611285136666698e+00,1.903640123001133944e+00,-3.648716697024326994e+00
5.909757510115184465e-01,1.088338491904428107e+00,8.413695822492260890e-01
-7.366004959053604750e-01,-4.863251597802484838e-01,-1.183152701197661472e+00
-3.358875546149584057e+00,-2.731461360730532029e+00,-4.485591280746326071e-01
-2.039932979217387476e+00,2.271003279936308239e+00,1.896945412079617421e+00
-2.085511268750207758e+00,-1.672613368046331761e+00,8.155813662650761575e-01
-2.200257012369238208e+00,-1.064535556469450084e+00,6.013964922661954038e-01
-8.726363808890265084e-01,-1.703060381286840119e+00,9.028027575375822122e-01
2.670312673545309323e+00,1.173044407972306802e+00,1.917486095736733676e+00
2.089712587880973693e+00,5.040769751391334097e-01,1.276577326955345093e+00
1.555413723943369408e+00,1.013644747134443636e+00,1.297350461367039465e+00
-1.943578163006465687e+00,1.750651149911460536e+00,1.778459927001912355e+00
-1.315346385400695706e+00,1.183481006644002020e+00,-5.848204615838759057e-01
-1.005655710884221454e+00,-4.899720848613764446e-01,-1.582000994418969686e+00
-1.530621062783722230e+00,5.378807957068475476e-01,8.524126201222870236e-02
-1.322092476068663425e+00,1.911000434693983063e+00,5.565306331499797476e-01
-8.701311772198787597e-01,3.661508047427288304e+00,3.127996169106905811e-02
-3.208886139377986169e+00,-1.985312146437529179e+00,1.060549330943788338e+00
-6.130935112843127754e-03,6.155031540841213733e-01,3.349636121812007428e-01
2.103652779617973145e+00,1.749567721050391267e+00,2.313911156877114017e+00
-9.294432679023365562e-01,2.150290515724356144e+00,-9.697365439691769673e-01
-1.677048217435289645e-01,9.108658945700578435e-01,-1.899127409656553800e+00
-4.402299864167696919e-01,-5.163600318839447478e-01,9.700370423793154284e-01
-5.487045372144949695e-01,4.222349754723502269e-01,7.060252205833825734e-01
-2.011720431825646749e+00,1.694122105247052534e+00,2.224850633568507430e+00
5.414652566202288186e-01,7.346726609648981388e-01,6.831477747773742060e-01
2.673488517847733448e+00,2.104479335319504152e+00,2.759647929432295754e+00
-1.553084834032691930e-01,8.270942552924039903e-01,6.797071720510527992e-01
3.844686690793075456e-01,-6.737773565974738421e-01,-3.387003334391047726e-01
1.518305377224030028e+00,1.515270075932469984e+00,1.810893233300281402e+00
7.599962161603586175e-01,9.074038526053233022e-01,-8.110088159249717599e-01
-1.606005918709607183e+00,1.257931583609163129e+00,1.779040913011715963e+00
-8.105291611346920888e-02,1.726108950802354824e+00,-2.011786679989705284e+00
2.609339657596589923e-01,-1.105868480620690875e+00,9.474986331903380021e-01
1.960469749204617473e-01,1.538038200629251451e-01,-1.362484725830095389e-01
-2.280794426090504423e-02,8.180087169131802227e-01,5.773902930101684206e-01
1.352351754162123276e+00,1.122073060383486975e+00,1.257748305206032757e+00
1.080412579655793959e+00,1.349372719563896927e+00,1.309391202521056785e+00
-3.859628259252623206e-02,1.346264816038243772e+00,-2.641111552396242512e-01
-1.132958766889465174e+00,2.329878346728655458e+00,-1.021601314705221641e-01
-3.964401346785315638e-01,5.079740461204940161e-01,-2.859693937215613602e+00
3.087276728627157407e-01,1.028104141072958555e-01,1.921729845736687370e+00
-8.781242453439273010e-01,1.261495246368844025e+00,6.445816023469316258e-01
1.228922860958165941e+00,6.490280200151935519e-01,8.745416526912217492e-01
1.295835176893962437e+00,1.216635708137102867e+00,1.378771797376876940e+00
-2.894806638864299675e+00,-1.692411799710127784e+00,5.871984256345755826e-01
2.470092181578448454e+00,1.578633028211132272e+00,2.276449724659102447e+00
-2.222154817989433706e+00,-1.281469569047217316e+00,8.351485247965182435e-01
-3.127232829768648692e+00,-2.123047486838733011e+00,4.224282458153222342e-01
-7.832416501843416645e-01,6.653619963863888209e-02,-2.438809069374400451e+00
-3.122835977662352658e-02,8.848020519408583695e-04,-1.147013231325897387e-01
-5.860062208089260594e-01,6.804345828507901706e-01,-1.994643935654093259e+00
-1.312854620056870703e+00,-1.819848307285675260e+00,4.854312229152253355e-01
1.858191030632302621e+00,1.274775135885826360e+00,1.529681868720067062e+00
-2.381392741695609772e+00,2.598805443473790611e-01,6.500821233754976447e-01
6.937913400877198100e-01,-1.190392589571060533e+00,-5.909203350886489403e-01
-1.412124476904474513e+00,1.338295289870272686e+00,1.213249378319128491e+00
-2.372614922103013946e+00,1.406613803154510567e-02,7.526136907733333992e-01
-1.714572677839860448e+00,-1.288882236350576527e+00,1.037269899007175145e+00
8.869384597549537785e-01,7.908048849420032944e-01,8.539588833175947302e-01
1.519781269983355942e+00,1.150099631410832046e+00,1.194584640157418054e+00
-5.163255299923885211e+00,-3.954721295113046153e+00,-6.373997894893863592e-01
-1.413297792552648646e+00,1.068209546704004032e+00,1.586788710720361761e+00
-2.838756208804565695e+00,-4.466999685609733817e-01,1.191444622062578507e+00
-3.132685349852558865e+00,2.602905761658446782e+00,2.980851356710912725e+00
-1.302277313319196717e-01,2.885318353142761527e+00,-1.459684095648464686e+00
-1.365340430531382321e+00,1.312098326057075326e+00,1.493996917987867379e+00
-2.087263329073289597e+00,7.085385494446463372e-01,4.885904232817976922e-01
-1.791965088929587502e+00,-4.403713793664953968e-02,-1.215820282571562494e+00
5.009559220443327021e-01,1.226188173255786662e-01,1.705476307433142713e+00
3.667504621119497266e-01,8.876698023838652807e-01,3.823698259032830560e-01
-5.562317526998563633e-01,8.999190364173268453e-01,-2.207164914336840589e+00
5.353419370276359945e-01,5.073238114761469131e-02,-4.263087173669680041e+00
-1.727554694093298870e+00,5.347012964004009827e-01,-2.468736673611178212e-01
1.053567330112448186e+00,6.521673663189151426e-01,8.884819939628495478e-01
7.263813562312785299e-01,9.871989421931273156e-01,7.727258542800014007e-01
-3.094156802593542199e+00,-1.686119797704194845e+00,9.843983965639296896e-01
-9.137119169738584512e-01,6.480263871627258698e-01,-7.929033228521094046e-01
-4.270986190936280069e-01,9.282942360689149242e-01,-1.963815052135359451e+00
-2.706705838886421578e+00,-2.813142989051521159e+00,-2.366092140270148469e-02
3.561151686774963743e-01,1.553340187105580750e+00,-4.327145689460851763e-01
5.934368281244628562e-01,1.098704504444674601e+00,8.246789697694707488e-01
-6.004738589866313037e-01,5.880699291253252969e-01,7.599005061296233432e-01
1.420700179799325724e+00,4.611272727199400290e-01,2.152719641451160904e+00
-1.532785586979302117e+00,7.767623425760099565e-01,1.475929349596413420e+00
4.219129859160797302e-02,1.793108621738604302e+00,-1.908487011923654997e+00
-5.397372678341265662e-01,-6.963402199618295985e-01,7.666541445043507652e-01
8.615891983564474277e-01,9.519783808083024379e-01,7.878349174093471907e-01
1.023524834340533207e+00,1.241641517872966727e-01,1.777930885723620236e+00
-1.769568932956140372e-01,-6.560317994016416909e-01,9.924593708969743355e-01
-1.369364514865288873e+00,-1.055612419581298589e+00,1.082119554022750396e+00
2.606536022259575702e-03,6.586683149080423405e-01,2.664469725519419407e-01
-1.408839570025042010e+00,2.107496818164148467e-01,-7.027016219823397636e-01
5.523028921267991720e-03,1.961544874483599488e-01,1.087604579234310309e-01
-1.802752021257204573e+00,2.245631057541626063e+00,2.002237914791948015e+00
2.059401193386709572e+00,1.163932882727100493e+00,1.666179717662417348e+00
1.653549338245593026e+00,1.320204986907616451e+00,1.738017749821359370e+00
1.976919460001874906e+00,1.372170050268291197e+00,2.042995498896527096e+00
6.414139073747593400e-02,-2.514532779151212871e-01,1.555901715197444801e+00
-1.352205572657762422e+00,-2.934284521820551106e+00,-4.416150313501914226e-01
-4.971065457410793087e+00,-3.709054844822125663e+00,-4.017424963021094531e-01
1.343349031528731974e+00,1.357512115518621165e+00,1.544779291983628955e+00
-2.271346716270644883e+00,2.846565287429297264e+00,2.054366337858110292e+00
5.147957348676917011e-01,-6.761057574443185558e-01,7.669022253663609900e-01
-2.231744401006770850e+00,1.681998056176188916e+00,2.150748812365800511e+00
-2.530939164973334599e+00,-8.390416784821829177e-01,9.484239335051474207e-01
-1.479501082316824201e+00,-8.954279701696792326e-01,-1.845116623083307594e+00
-9.319917595365052598e-01,-1.897374596940926139e-01,-5.402129262653316832e-01
-1.501335483235831880e+00,-8.074021952956234038e-02,1.929031040295459576e+00
4.143845705006761193e+00,2.044428400174382876e+00,3.173487917355357624e+00
-1.856929785250996279e+00,2.312453276187602214e+00,1.764285022661738367e+00
9.474279151926146003e-01,2.862242242732833120e+00,-3.623708921136419292e+00
-4.382216510902045004e-01,2.189659139596030535e+00,1.646688816241148601e-02
1.491834330809982845e+00,1.149254047836709702e+00,1.525681827638642796e+00
9.974109202086967052e-01,1.218159261770340507e+00,1.022059632810260021e+00
-1.741039501016684810e+00,-3.554295745684419305e-01,-1.236215441162478168e+00
1.555749217651893446e+00,1.908608162352806392e+00,1.709175862106273813e+00
-2.607327083395296619e+00,-2.549602842585800389e+00,1.614125739107825641e-01
8.086538377256247134e-02,4.186387937275823923e-01,-6.468269075489363473e-02
2.191172061876423882e+00,1.503246459462606044e+00,1.970124242218786792e+00
-5.528681822818191094e-01,-2.508652541087146304e-01,7.197983164249961430e-01
-2.768085695486175446e+00,-2.727634353296635616e+00,1.801523952233797798e-01
-9.206198519213336651e-01,3.047255115347977661e+00,5.136208788074698717e-01
7.083720244342923689e-01,1.384784850209562546e+00,-3.538738847408999355e+00
-2.747956573374121803e-01,2.124069041315840067e+00,-9.895720940510043251e-01
-1.601918710546676117e+00,-1.431747366363653740e-01,-1.319715871167630006e+00
-8.224759721960159808e-01,1.778839286696449751e-01,1.833030107973692147e+00
-1.720515988913180250e+00,1.006109740144176756e+00,1.878572252529813191e+00
-1.581959682336426809e-01,-2.268985815607301948e+00,4.957906728495582449e-01
-1.010520492751857846e+00,2.012268607896343209e+00,9.003971123215187555e-01
2.862730168563509370e+00,1.338210941657298925e+00,2.277498938307806142e+00
-1.541313367540179335e+00,-3.365179537940189647e+00,-3.224095472604966428e-01
-1.046535506836863583e+00,-1.450796046456646060e-01,1.262008409342163073e+00
2.454114892985944429e+00,-8.577732589335914648e-01,5.203503612731581462e-01
-5.172986072250174150e-01,2.001786007003287793e-01,-2.902710024280699130e-01
2.394344538314230331e-01,3.323596995840674140e-01,-2.652077119983420328e-01
7.481388963578483597e-02,5.742325674502752886e-01,2.605245804829565692e-01
-3.522822048108968929e-01,2.572354248246616626e-01,3.408872967091227668e-01
-1.957382873174496662e+00,-2.575629379322287082e+00,-2.150691987177852926e-01
-1.943037135166381324e+00,-8.681502272752298355e-01,1.529913840759804300e+00
-3.361686476318302974e-01,1.336533916245439713e+00,2.559109655361497815e-01
-1.730806460849020123e+00,-8.220418926343973087e-01,-5.512456627251893782e-01
-1.406484033778061971e+00,-9.480435522277983473e-01,1.567891606248578151e+00
6.014142868236382888e-01,-1.295603271643744003e+00,9.189781686467155541e-01
-2.699984148676359830e-01,1.096855344545282662e+00,-2.115526072718613815e+00
2.269580447566249770e+00,1.702863698431822836e+00,2.399869351089698455e+00
-2.909716394971521680e+00,-2.811352981772690107e+00,4.847035045326997249e-02
1.833770486645585063e+00,6.279644587913042475e-01,1.529171750834081411e+00
-3.341485944720669066e-01,-2.661279688487694361e-01,5.421309057085827998e-01
6.296892339631532387e-02,-2.932914634588892344e-01,-4.696060354785072111e-01
1.356327030020365587e+00,1.368983813038123110e+00,1.520222635384017584e+00
-5.017797211245471622e-01,2.844600995352843498e+00,-1.385071708985802452e+00
-2.250483563980997026e+00,-1.623557588708226973e+00,7.050707867774468340e-01
-1.638067260401286696e+00,8.778695335224387941e-01,1.714252360094827399e+00
-1.577657237347566577e+00,1.171005910228239300e+00,1.749774610917693707e+00
5.971877245951988655e-01,9.241080258634757350e-01,2.480122293578876036e+00
-2.015886597747899689e+00,-4.700393654319448000e-01,-1.479500447774771299e+00
-1.041948791323291212e+00,-4.491643596494097057e-01,1.294799002255127451e+00
1.024738962333477499e+00,1.188446967508287155e+00,2.166913810342710356e+00
-1.315885831080475743e+00,9.626257941158322673e-02,-7.040776072031336152e-01
3.137527245425474565e+00,1.928019385568993549e+00,2.881359012554769006e+00
-1.714640603264006913e+00,1.756738880340941389e+00,2.602116862148229348e-01
-6.461017674574720537e-02,-1.724965689811341907e-01,1.146087655126265537e-01
-9.464113231445672181e-01,1.915869863160005737e-01,-1.317671330534754048e+00
-1.343344709762376521e+00,1.392985419599309216e+00,1.280181678042810134e+00
6.696538585540570132e-01,7.646638295106389371e-02,1.712553359545327059e+00
2.346522917076530046e-01,-5.729613658903209839e-02,-8.851078800066658481e-02
2.408324165874139444e-01,7.402057419692031903e-01,5.140299990301682165e-01
-1.687417588368588461e+00,2.456300346751961960e+00,-2.648747010598231366e-01
-3.165978064953189897e-01,1.930847911081301493e-02,-3.415732266489606150e-01
-3.148202273708792465e+00,-5.495157454135288777e-01,1.601304552389594127e+00
5.102672738912861217e-02,4.896862854609369542e-01,1.395328306134929752e-01
9.536038369916819413e-01,7.824725854507490475e-01,1.999306454972956004e+00
-1.367103612604177787e+00,1.543898317637200979e+00,1.333444895837363919e+00
2.638830386420898400e-02,-3.721851707316146118e-01,-3.233033498530869743e+00
3.282520539528439585e-01,1.422722987412420981e+00,-2.723866576095243630e+00
-1.696052961542118709e+00,1.008551719775167443e+00,1.582958161891310889e+00
1.416922225591987772e+00,1.385645911099837591e+00,1.299323767355643700e+00
5.158734207020674312e-01,7.934718288892945726e-01,2.017323139596095771e+00
-1.009010568999531010e+00,-2.058701477616613484e-01,-9.762260952929400215e-01
-4.502520656510655694e-01,5.652113777559933938e-01,-2.113695112335582937e-01
-1.530392923269391137e+00,1.187477853168325659e+00,-4.837094007623665703e-01
-6.643341558481556941e-01,1.660960426308063509e+00,-1.454073812963899481e+00
-1.082294751856495152e+00,-7.675119744782092912e-01,1.405728027752051634e+00
1.276864436989298746e+00,-7.670244001142019208e-01,8.863236297687884235e-01
1.539714512100983423e+00,1.773992167714373291e+00,-5.192578381484887373e+00
-1.974454182953325976e+00,2.445236644514599433e+00,1.845757950007596904e+00
-2.277707790830807433e+00,-9.999770685972448891e-01,1.068326468340939694e+00
4.930184318461939830e-01,8.243306829191774376e-01,8.510863803064768751e-01
-5.347492274730065720e-01,-1.231533101896053584e+00,6.853883602457769841e-01
-5.042207116231613995e-01,5.520173564402552913e-01,6.535491603222240986e-01
-2.571850587103996499e-02,-6.093587614789397477e-01,6.625290338968969905e-02
5.333909034617501099e-01,2.818740520187204002e-01,-6.502256211519119589e-01
-1.483798153544727771e+00,-8.078596638191160029e-01,-2.245481735771539533e-01
-2.200863048676264366e+00,1.879769089764864898e+00,2.349990609180564238e+00
-4.468684286403560302e-01,7.755028989406320683e-02,-3.114187178618371021e+00
-1.924781543313876409e+00,2.173919397502893425e+00,1.272017560367666000e+00
3.734345338952211879e-01,4.551991566859858729e-01,2.276536455989528918e+00
-1.640054934066632164e+00,-1.250124476247628014e+00,-5.356148100136760570e-01
2.322083599131407272e+00,1.748169986345490479e+00,1.782725245571390893e+00
-1.787055249070446106e-02,-2.200272475231812574e-01,1.515879847944783254e-01
-2.019991020498561163e+00,4.731900570186402533e-01,1.442422720974585459e-01
1.141558594875498489e+00,6.046563468578092237e-01,1.599775751669550328e+00
6.432866559338923373e-01,-1.751157394919057753e+00,3.652652627030290589e-01
-1.012531817200248430e-01,4.788739798303468520e-01,1.620760378176459016e-01
3.331349944232498750e+00,2.985921957474071409e-01,1.472941196254114349e+00
5.004794763848803285e-01,1.127750764731792588e+00,6.204292792499239706e-01
-2.868950565179168688e+00,-9.806048850468009892e-01,1.059121456577849507e+00
3.627099815753678236e-01,1.054323388624981650e+00,2.020163049483842066e+00
-2.108414894488983116e+00,-1.826069531395773993e+00,4.874175019865778502e-01
3.340576786456592284e+00,2.714451777553228862e+00,3.279283859787530009e+00
2.765696395615677705e-01,-1.748874186463482694e-01,-8.798671001361735300e-02
1.359845331324987860e+00,1.105961507206019157e+00,1.279928252156753876e+00
4.194389654994422401e+00,2.266856809827730856e+00,3.361769225190739618e+00
-7.382341721322409622e-01,1.017317633094584339e+00,9.066107139853739616e-01
2.774976860786813049e-01,9.624349889107630673e-01,-2.237041869224867696e+00
1.622696737698203329e+00,1.439598537335584627e+00,1.750472132980276596e+00
-1.797189237262892814e+00,9.260216812796275843e-01,1.863815577581501293e+00
3.746213486653260372e-01,-5.311864900312635029e-02,2.079134473674032257e+00
-1.875274526855462476e+00,-2.162601200463262430e+00,4.995128247916222897e-01
1.109765045138551454e+00,7.175541330649909399e-01,9.075902949278737974e-01
-3.231368797614590171e+00,-2.364393429601146845e+00,5.413078058154103811e-01
-1.033007187354868295e+00,2.212110366627665137e+00,-6.128618683369355669e-01
-4.281935765665505489e-01,6.741190900869602487e-01,-2.018801152221072481e+00
-1.621042206758373627e+00,-1.666577783707278160e+00,4.566547382814141187e-01
5.973523959481683576e-01,-5.704054486931047219e-01,1.340177745556840438e+00
-8.392440332876568432e-01,3.843364599178119567e-01,-1.147650285020719751e+00
-2.914955206636595797e-01,2.532539090937270032e+00,-1.667447911981266184e+00
-2.586643217751266377e+00,-1.957250868822387968e+00,3.695107130098946868e-01
-1.406566274731903654e+00,1.973914710963522445e-01,1.407323078440477770e+00
1.137799705616586721e+00,1.056715770505306073e+00,1.022194867417683062e+00
1.779294797103503356e-01,8.323853078023901730e-01,6.454358580544812263e-01
-8.623563394702606910e-01,2.238692954356095388e+00,-8.708596005757607283e-01
-1.287245686545845924e-02,3.394704358214574169e-01,7.051769383961536963e-02
-1.480243546173369618e+00,7.510922825765848909e-01,-2.523420415909287673e-01
6.493152828649357833e-01,1.388694517748741530e+00,1.037086203312727273e+00
-1.849978032329506750e+00,-9.795046536475693344e-01,-2.108377483261302476e+00
-1.789880513768614678e-01,4.160437713512399327e-01,2.652088034976127773e-01
-1.388879770736444641e+00,1.508514021161068808e+00,1.444414324564030849e+00
7.297174259369743066e-01,7.340971990766239630e-01,4.056454774913943462e-01
2.596533737681571807e+00,1.441009440059323188e+00,2.179553442410491648e+00
3.183129731563966169e-01,9.782741861436645703e-01,5.234608507235747332e-01
-1.441719568484890690e+00,1.625889480774492579e+00,1.322120873599240465e+00
-4.658457543023064584e-01,-3.556531156373547997e-01,5.093006813026770274e-01
-6.667240205016349286e-01,-4.083026318477900318e-03,-4.905440910309171176e-01
-3.480839126130917949e-01,1.807163820658273856e+00,-1.851621778328397472e+00
-1.377596400756858852e+00,2.402171929267825412e+00,7.629190980830946600e-02
-2.134939974839281440e+00,-1.754699988716498904e+00,1.771566895648377660e-01
-8.651514731638120237e-01,3.780874388291570742e-01,6.062371768547212270e-01
2.069405251798410728e+00,1.277619808960957393e+00,1.491618165351494607e+00
-2.961971043511710810e-01,1.075002617640376634e+00,-2.303662606292224524e+00
-7.123792657057881339e-02,-1.098908703908377582e+00,9.833189357374332307e-01
1.727943760459424105e+00,1.259767807884403235e+00,1.412468683117294566e+00
-1.191363659927875407e+00,1.767170850397743020e+00,9.886363160326610000e-01
-1.778416871977992475e-01,1.749338157579713782e+00,-1.217185505455446126e+00
7.792483737950428591e-02,3.325481977998554495e-01,-9.508415818483073600e-02
-1.210400707974085721e+00,-6.461678526174008397e-02,-6.303117235897499615e-01
2.336351152915125517e+00,8.270405360620167734e-01,1.613338618551415138e+00
-3.026353148158499984e+00,-2.344313799983661628e+00,2.742339059575231719e-01
-3.014313776294446079e-01,1.350734026544348376e+00,-2.202802263834598318e+00
-1.590747406026343791e+00,8.193224872149458271e-01,-5.319415093394781469e-01
-2.185035556532310075e+00,-2.184146146763772833e+00,5.558049618283804616e-01
4.207863482523912513e-01,7.665379692131624179e-01,-3.338653390447019920e+00
1.874523186928800822e+00,1.562584469036901513e+00,1.858161051284315857e+00
-2.297510634220523151e+00,-2.172156622921114000e+00,6.172406181228584643e-02
-2.494897875829757083e+00,2.249025592029068932e+00,2.566435273523542726e+00
3.445855044001920886e-01,1.546886071043769073e+00,8.378188218677423693e-01
-5.925224737927043961e-01,-1.449371000578592694e+00,6.007114270349220853e-01
-2.285635535483816039e+00,8.854339169609438676e-01,1.638389253972571069e+00
-2.493217093015811514e+00,-3.326852681467636685e+00,-2.302678068535355393e-01
-1.238055984849035118e+00,1.194116404746947691e-01,-1.018269993932790607e+00
-1.977113216956071673e+00,-1.297272762292626336e+00,9.038183935717565287e-01
-5.493339432192363425e-01,-1.147299150998577710e+00,6.586917786972863453e-01
-1.264690466885009856e+00,-1.518206155899632481e+00,8.660369330628034934e-01
-1.722794135736063437e+00,2.603857706358627677e+00,1.673063271366229454e+00
-1.055021118923333390e+00,1.811623332547762644e+00,-1.275763468695113589e-01
7.233665400420681291e-01,2.942357307813138201e-01,5.970979250833623464e-01
-5.247198658340521682e-01,2.824028060778205340e-01,-3.380011931282016491e-01
-1.546719415137048470e+00,1.856200539791243553e+00,1.358772812819582843e+00
-5.053082508645745374e-02,2.128231565094031996e+00,2.898600379827019680e+00
-1.081130734267261806e+00,2.366940751773917162e-01,-1.373643217262575655e-01
1.731382761358713829e+00,1.680127441262503130e+00,1.834689468696127701e+00
1.695038150134164923e-01,-3.837331635489791282e-01,-2.240646856004220311e-01
-8.715650093593260150e-01,2.400873719386992455e+00,-4.316710956936904431e-01
-1.728019971465112548e+00,-1.729756797983085903e+00,6.938580521952479874e-01
-2.384115505723935158e+00,1.611375540304656573e+00,1.030395710703261969e+00
-3.097166823795458601e-01,1.822908453090112513e+00,-1.934064266343925809e+00
-8.581312190981260635e-02,2.140878245025736870e-01,1.905636686512544031e+00
-8.607861488849392062e-01,6.317038390148110860e-02,-1.901189032356217279e+00
-4.560862262816228752e-01,9.613888621208643848e-01,2.750278599470035168e-01
8.494195398347814674e-02,-4.798882697800180841e-01,1.322003859194339270e+00
2.286483210636394148e+00,1.213191016809483713e+00,1.684376943011942629e+00
1.862837237456941519e+00,1.409673500468413332e+00,1.889724453869621179e+00
-3.485784414882173721e-01,2.854903644504641846e+00,-1.166748065082320984e+00
-5.678915046379195974e-01,1.887984022645851745e+00,-7.468386257626113967e-01
-1.135261463703700624e+00,6.174610854579488661e-01,1.181967032589923416e+00
-2.088166216689882893e-01,6.798096608951854636e-01,5.967948793618449432e-02
-1.539014399336031458e+00,1.786524711307051483e-01,-2.590118246201367214e-01
-1.365919893199603941e+00,-2.567509374058931204e+00,-1.624139778334887652e-01
1.497268275216186328e+00,1.095761430455112651e+00,1.156971388292774128e+00
-1.211534877842648905e+00,5.575246373692456237e-01,-5.149028934011858905e-01
2.527920934974690059e-01,8.239240902195492655e-01,-3.086860225835108551e+00
6.593834157783111660e-01,-4.049951185580465962e-01,1.336160970979680451e+00
-5.681027688184008273e-01,3.871624415164611754e-01,-2.540900211073180426e-01
-1.067983811187106946e+00,9.831274262319211754e-01,8.551582682680074488e-01
2.571540310811767371e-01,1.827787768395354284e+00,1.181540634740325446e+00
1.215718607820050590e+00,7.082474507085545490e-01,2.034887389662150881e+00
-2.589529448531831868e+00,-5.000856585898841855e-01,1.646007486236614969e+00
-9.313450754694185818e-01,2.542291994283913503e+00,-3.152891587062451872e-01
3.801245732795576870e+00,2.416159501169423685e+00,3.107658434902119460e+00
-6.667496756022197602e-01,2.781488142222743321e-02,8.934351298884771753e-01
-1.214677244411732859e+00,1.020225952826304017e+00,1.212303129853479433e+00
4.642364935100742329e-01,-1.410473270788521472e+00,6.148205122889878194e-01
-4.476580883786428489e-01,2.056580698171330823e-01,1.441947670676870574e+00
-1.292776809194581711e+00,2.289447466761494354e+00,-2.274395027629505517e-01
-1.910477387952469464e-01,-1.216033696864255997e+00,4.081137110228837406e-01
-2.072099247192933369e+00,-1.551401827424927937e+00,1.090430886914426800e+00
-2.259216186734796850e+00,3.121353374105355627e+00,2.251976661539707436e+00
-8.139968997714872589e-01,-1.206394861449196831e+00,7.330662016791651414e-01
-1.177599722258765080e+00,1.235991059253693569e+00,1.236205867696383853e+00
9.420390415818991059e-02,-1.539670870222971111e-01,-3.647094163867059535e-02
-1.334204993715895959e+00,-7.957230500604350887e-02,1.600427614931625664e+00
-1.377699757553041415e+00,1.187947754800440237e-01,-7.141031636499093338e-01
6.422991939761745206e-01,1.102784891600112616e+00,7.128712160651564655e-01
-1.664161686839512599e-01,1.841634457932534996e+00,-3.471939677769153576e-03
3.313553753938124347e-01,3.505253942244952459e-01,2.840444184283421603e-01
-1.393638090228691562e+00,3.015838872323211461e+00,1.210014190358717379e+00
-2.178531823762127839e+00,-3.292125202234799541e+00,-5.273960001374493611e-01
1.005817178280309809e+00,1.236665301981081155e+00,1.325656093934372226e+00
-1.915988992549782832e+00,1.236219945973735301e+00,2.065550915401813015e+00
-5.210490564813217151e-01,8.914023799638750578e-01,4.600597777251053122e-01
-1.890661032822529286e+00,7.162725657104840327e-01,-8.580670156850345176e-02
-1.212548062328121290e+00,-1.580154002569250427e+00,4.342788731194283658e-01
-1.911119761712019471e+00,1.518334680507134493e+00,1.921706446420020864e+00
-1.516619934003755166e+00,-1.236822868018717658e-01,1.309907099642465766e+00
-1.748418835140350014e+00,5.709095598933366933e-01,1.788657582478385688e+00
-6.566758691868741504e-01,1.467583083765241270e+00,6.678121939624990233e-01
-1.585689420217608170e+00,-9.053103431336267937e-01,1.060670386801205289e+00
-9.791372279870751427e-01,3.107859698574992890e-01,9.963696613898641585e-01
-1.947051855659839514e+00,-3.685325875050975419e-01,-2.341156648726608891e-01
-1.145917927016022464e-01,-9.599094651489137320e-01,3.430859749117612933e-01
-2.397214318089191387e-01,2.275622398770684729e+00,-1.371195182653941691e+00
-1.560387998409554555e+00,3.074184727446836352e+00,1.299711565419892523e+00
1.054764415671233690e+00,5.323215875834244049e-01,3.408006310035549546e-01
-1.622173094556782047e+00,-2.343752202804326057e+00,-1.507216605267802656e-01
5.536138280850209092e-01,7.607179882721484265e-01,4.974885031222378018e-01
4.605188303230600688e-02,2.403609487059259475e-01,-2.215982826380693549e-01
5.400470027849288979e-01,-9.155037849212120937e-01,6.614600460646404834e-01
-6.669758795503556437e-01,5.546428633495572580e-01,5.341531909686136892e-01
2.610614746805323350e+00,2.248027597497782359e+00,3.108415186023841592e+00
-1.403545026604181567e+00,2.515513781008104743e+00,2.814644932224001916e-01
-1.091103016416720140e+00,2.240337971594418942e+00,9.409400671011258765e-01
2.742922619172221133e-01,3.946576676478772416e-01,-1.007793206833460520e-01
1.691975515862174539e+00,1.736722421207438583e+00,1.760506655881261207e+00
-3.295745819581406000e+00,-2.072218258081947706e+00,6.486308547398973445e-01
-1.868795170000283168e+00,-1.943788315193084593e-01,-2.160195858882509867e-01
1.136129713722852541e+00,8.604122340143031122e-01,8.802754843976455801e-01
6.789553743956930898e-01,-2.859896747653696281e-01,-7.702135599526209742e-01
-8.137765832499452845e-01,7.395192929650185043e-02,-6.052486874942961670e-01
-2.172303340675515670e+00,2.408035992593557939e+00,2.281328053509621867e+00
-2.367797672022561972e+00,1.462430696843213029e+00,2.222874678921959557e+00
1.404600874160060853e+00,1.373115577272591370e+00,1.771779511190042733e+00
-1.661981966340049688e+00,-2.663294980124161881e+00,-2.101102095456914842e-01
-5.754471390484245941e-01,-2.639821308437451108e-02,-5.122157818022405884e-01
-1.400505471141919811e+00,-2.526058837692414016e+00,7.858000273098697530e-02
1.962733504667187212e+00,1.515662295878200450e+00,1.846658289598286817e+00
1.861845194133522341e-01,1.419043038087613340e+00,-5.398952289452789710e-01
-1.094960702793570828e+00,2.319223182544470241e+00,-2.922800561720140244e-01
4.740131762081507549e-01,2.427098392797894633e+00,-2.290429776206370782e+00
-2.922040949617845662e-01,3.680535763513841374e-01,-2.930280456362424069e-01
2.450543836958374300e-02,-8.878838863664080261e-01,1.136436659268563298e+00
-1.454751613114073638e+00,-5.886214381463683587e-02,1.980241617260774412e+00
3.097550517117726443e-01,-8.976646479447532023e-01,8.363221026414286996e-01
-1.918823040073931230e+00,1.425102260996043757e+00,1.626612199084796151e+00
8.758171570621406943e-01,-5.730853456872020413e-01,6.840987151434115843e-01
9.753089889124169076e-01,1.338176033650977148e+00,1.077422674340573039e+00
-1.060152816177136748e+00,-5.372140236467448648e-01,1.283860729703522718e+00
-1.636784311567879957e+00,9.166033534048578790e-01,1.811996842354101300e+00
-5.239632885430618447e-01,-1.862566552124960140e-01,5.778252638655716478e-01
1.255865658298372711e+00,9.847213383905093487e-01,1.063404795004327275e+00
-1.750982433638750724e+00,1.708700789843526469e+00,-1.213631521532595459e-01
2.301983668574957287e-01,-1.739176657654084579e-02,-1.695989546552685301e-01
-4.200519574307051140e-01,1.709142294235577175e-01,-2.566532680243247100e+00
-2.985103334529467523e-01,-1.347849095075927650e+00,7.065979711536893859e-01
-1.701106910266350969e+00,1.829739786382712508e-01,1.795649791277442731e-02
-4.103023557015611500e-01,9.106149822122031612e-01,1.807060773373472262e-01
-1.349917539046491255e+00,-1.461512062530555545e+00,2.651738212959998675e-01
-2.231355205518531726e+00,1.053001936616512868e+00,2.449764450332187593e+00
-2.111568264616353829e+00,-7.276433293250463841e-01,3.684682665287426495e-01
-2.364267809395776965e+00,-2.316693567487805083e+00,-2.823164281334389347e-01
-1.614499457184222608e+00,5.536344924586349414e-01,-6.237917378764588072e-01
6.091849614734179408e-01,1.155663807050710368e+00,1.088469838438232529e+00
-2.339663757265743049e-01,8.383974226913540884e-01,2.125742048713310517e-01
-2.897643285582868433e+00,-1.281839561502827296e+00,1.214727289634918606e+00
-1.388384826542212513e+00,2.590613657875825426e-01,-7.035575660416761856e-01
-2.788353306333047898e-01,1.630248372582535632e+00,-1.433253099938540220e+00
-2.628085446591570395e+00,2.067217629302015247e+00,2.671325937929278194e+00
1.932659126150477746e-01,1.167446474702435344e+00,8.607327726157258940e-01
-1.703317810461719706e-01,-1.895715593312351288e+00,3.365993561931412970e-01
-1.510657046252969149e+00,7.778266655514032291e-02,-5.597465921254423105e-01
-1.113793034788981284e+00,-9.143622810097062903e-02,-1.177737866509300790e+00
-5.802744630274907500e-01,-1.270244096174982795e+00,4.143278046154336147e-01
-1.163315648068031338e+00,-2.841096744935800444e-02,1.289071664202476430e+00
1.470343837715895940e+00,-6.451463694420842554e-01,1.167347980675742525e+00
2.225946649384134446e+00,1.496380546727767546e+00,1.913328506976777366e+00
-2.200684935842549983e+00,2.656725418919797743e+00,1.565961593227078730e+00
-9.710452298337280963e-01,2.266328090710645338e+00,6.442569608825665650e-01
-1.803107606354267478e+00,-1.301476605585390578e+00,9.279329332670590569e-01
-1.341402084698664510e+00,4.039795994910153620e-01,1.484426197429552952e+00
-5.515768389634072566e-01,-6.410509653748472925e-01,8.989858117506820401e-01
-1.208767283795834091e-01,-1.489561596762293938e+00,3.414123846056718037e-01
1.591601897049905734e-01,3.710144800142435972e+00,-2.189000775746201555e+00
-2.694382485030438090e+00,2.810020553902067064e+00,2.463299669356091570e+00
-1.957244527503972265e+00,-2.281072583434045953e+00,4.140692600263112810e-01
-6.939507182188033863e-01,-6.289294046984483799e-01,-1.638847811507931684e+00
-9.666306151359194132e-01,1.372108930331455312e+00,-1.098818394818592337e+00
-4.616335607294023147e-01,1.723881169498565624e+00,-1.395784236498811115e+00
-1.859117199929070985e+00,1.765872128151720677e+00,6.746287677448978837e-01
3.006512838742296800e-01,3.413466862344880504e-01,1.768966748783452170e+00
-9.562118029255490814e-01,2.697268194136025476e-01,-8.648925857415055152e-01
-9.229925929741134016e-02,-7.814590826832144010e-01,9.205135244166842146e-01
-2.045046067842365645e+00,1.186191340916090464e+00,7.268206361183182640e-01
-6.480295168825178642e-01,1.182792895480837103e+00,-1.647299765876153677e+00
2.903528178093328194e+00,1.581273835580952358e+00,2.130035409694674975e+00
-1.374521008312564962e+00,4.605999199189433346e-01,-9.765620538129309303e-01
-1.139180724885787033e+00,1.665544828208635364e+00,-7.573941071977556838e-01
-6.284757614526714775e-02,5.007765209330937717e-01,4.025880732192210765e-01
1.159026781228600811e+00,4.538618616572138720e-01,1.769441080921070331e+00
-1.914450811552524945e+00,8.068025906644560319e-01,1.691391813705143132e-01
-1.450930580370114686e+00,2.688473761315190558e+00,9.653794626463341189e-02
3.359452770927604526e-01,4.593381513850940401e-01,-3.167588959427332984e+00
1.261562166591004175e+00,9.881542005435721698e-01,1.086504004027254000e+00
7.044086154214235229e-01,-3.904599675220618016e-01,9.974181027695703250e-01
-4.925955164414000942e-01,2.740005632793751644e-03,-1.943889289361775186e+00
-7.212812046242733643e-02,3.580382208910511954e-01,1.782190379698987970e-01
-2.986074989023257409e-01,-1.620904593826454354e-01,1.387818759515622835e+00
7.796067071335288645e-03,-1.527676074449021426e-01,1.667638110413320884e+00
-2.534846361000256731e+00,2.654270071711312795e+00,2.394815143557701198e+00
-9.248949743710821458e-03,-1.031873861957914640e+00,4.684988834403935876e-01
-1.059843486696756543e+00,1.200720288876377939e+00,8.245071494955090730e-01
1.939350215060211102e+00,9.977905302819002342e-01,1.542278461972526493e+00
-4.596155901206910865e-02,1.895682802833162039e+00,-2.298688821059967413e+00
-8.210408259115371532e-01,4.931656748704908999e-01,7.439688610482981801e-01
-3.963228220801385593e+00,-1.613494645892948220e+00,8.301218417159188512e-01
-2.672230604697434231e+00,-2.631576040652329418e+00,2.960401483338876982e-01
-1.934217921282995079e+00,4.309849725793692965e-01,1.013700474019209707e+00
2.371872744679797140e+00,1.472558086994677273e+00,1.852523719500670962e+00
-4.496132391959437591e-01,4.437969876050507079e-02,5.607564902257904382e-01
2.423146977008419078e+00,1.557189556038167666e+00,2.099372333595255657e+00
-3.678083770207247305e+00,-2.709952016129085095e+00,3.344750948272152691e-01
2.063304835602848275e-01,-2.963738455779006964e-01,1.088394016098471084e+00
-1.934586057060561304e+00,-2.723405914353265178e-01,-6.249202879154314161e-03
-1.003750023972921346e+00,-2.347828323166207820e-01,-1.228834628528373996e+00
-2.974134451190024730e-01,-1.234705092740528976e-01,-2.843102550679277307e+00
3.307670337497103930e-01,-7.018392806955537910e-01,-4.082039249760893718e-02
-3.991262146449181536e-03,1.057358441672916705e+00,1.870738039561355315e+00
-9.350245437633518675e-01,1.851767531337626949e+00,8.610033651612960526e-01
4.484442572085201029e-02,2.366176678758591834e+00,-2.303304827016222411e+00
-8.048012421618849777e-01,8.280685084199124191e-02,1.371553581759939133e+00
1.034276924371909878e+00,1.414482075101016978e+00,1.204175299613258865e+00
-1.028472252480395976e+00,7.002194059676463134e-01,-8.879250812798309411e-01
-1.296618365054664324e+00,4.402128724103772761e+00,5.385664527254307998e-01
-2.524651891699888129e+00,-2.768853551780070976e+00,-3.530636151133574874e-01
9.678166358019044679e-01,1.823055753190346628e+00,1.976957435109406358e+00
-2.811187438283156759e+00,-1.393985763940992051e+00,1.143201047693550354e+00
1.449717910282421141e+00,1.471468280845024568e+00,1.739714127309265779e+00
-7.860770110795006760e-01,8.819516451553252034e-01,1.111602905090226745e+00
-1.855784946956543280e+00,1.701539017775617779e+00,1.936336900765966984e+00
7.321083026041628194e-01,1.027162141506922088e+00,9.598904138745618653e-01
-2.393333683576722493e+00,9.781868127265054280e-01,1.260848682097464923e+00
-1.604662290209587727e+00,3.172393708919590827e-01,-5.993161856784365860e-01
-9.304119095455518629e-01,-7.259621425759023028e-01,9.372668174023769394e-01
1.971283160432952375e+00,1.136104097147222936e+00,1.417793336615164712e+00
-9.002524625051695484e-01,1.864944782488684005e+00,-1.532220318147338389e+00
-1.809045745023920571e-01,1.092166357708788116e-01,1.595892947316234878e+00
-6.394051682408052883e-01,-3.721629833279214150e-01,-6.722530079216999521e-01
-3.309037269763103195e-01,7.243789690629789391e-01,3.920587940573680985e-01
-6.473884432268506295e-01,3.146149166546162723e-01,1.600440066680490769e-01
-3.672449695818599258e-01,-3.291450853799480214e-01,-1.933425591577174973e+00
-1.939089456281871460e+00,-1.649321695623738648e+00,9.321976092337634912e-01
1.378404127656498668e+00,7.365009188519320293e-01,8.349207487449474829e-01
-1.156051311382273905e+00,-1.246767980212573068e-01,-1.327561726948103260e+00
-1.223322736757108675e-01,-1.439098697632298585e+00,5.798933053018495709e-01
8.964415079344065784e-01,1.075271350417596583e+00,1.357477978912681627e+00
-4.374827784709518497e-01,2.995746824705955991e-01,-2.398884427030933963e-01
-2.813180038812923556e-03,4.144936984500219523e+00,-1.517550019951090956e+00
3.651850770039168914e-01,1.329537961983596750e-01,-1.775399548044838127e-01
